,rxn_id,Unnamed: 0,Substrate,SMILES,Set,GFN2,GFNFF,GFN2_GFNFF,GFN1_GFNFF,GFN1,DFT_Barrier,rxn_smile,mol1_hidden,rad2_hidden,rad_atom2_hidden
0,0,24,camphor5exo,C[C@@]1(C2(C)C)C(C[C@H]2[CH]C1)=O.C[C@@]1(C2(C)C)C(C[C@H]2CC1)=O,Validation,131.17,101.28,131.96,144.97,144.33,14.76,CC1(C)[C@@H]2[CH]C[C@@]1(C)C(=O)C2.CC1(C)[C@@H]2CC[C@@]1(C)C(=O)C2,"[1.61885414e-02 3.36643398e-01 1.22752190e-02 2.30294704e-01
 3.19516480e-01 3.22721675e-02 5.57208201e-04 0.00000000e+00
 4.19385266e-03 9.44236144e-02 8.83576348e-02 1.22814022e-01
 0.00000000e+00 0.00000000e+00 5.00011665e-04 2.56289244e-01
 7.63583034e-02 0.00000000e+00 4.50640954e-02 1.65560264e-02
 5.06525906e-03 9.03012156e-02 3.35449143e-03 6.87774494e-02
 1.22164134e-02 0.00000000e+00 0.00000000e+00 3.25920992e-02
 5.46717551e-04 1.76664367e-01 3.63056958e-01 1.47914514e-02
 0.00000000e+00 1.80031415e-02 7.03731971e-03 2.41284929e-02
 2.03966737e-01 2.56246794e-02 0.00000000e+00 0.00000000e+00
 2.62822539e-01 1.01458594e-01 3.84010911e-01 3.88714415e-03
 0.00000000e+00 1.15297750e-01 0.00000000e+00 3.02507840e-02
 0.00000000e+00 7.34572560e-02 0.00000000e+00 5.50916977e-02
 2.39094142e-02 1.33943290e-01 9.09420289e-03 2.49984741e-01
 1.96792811e-01 6.65658265e-02 1.41192436e-01 3.84050049e-02
 0.00000000e+00 3.06863966e-03 0.00000000e+00 0.00000000e+00
 1.66306406e-01 1.01920823e-02 8.77584442e-02 4.20096405e-02
 2.32691303e-01 0.00000000e+00 1.10187996e-02 4.87964898e-02
 1.20992377e-01 2.76949614e-01 8.35414976e-02 2.61518687e-01
 0.00000000e+00 1.00813909e-02 7.76009485e-02 3.10311629e-03
 1.36274882e-02 1.36319757e-01 0.00000000e+00 5.87107101e-03
 8.38830099e-02 8.22039321e-03 1.67941190e-02 8.25239792e-02
 1.94093093e-01 1.89114913e-01 4.20737006e-02 2.37938780e-02
 0.00000000e+00 1.96168527e-01 3.38794999e-02 4.34081942e-01
 0.00000000e+00 6.55344035e-03 1.03808813e-01 1.36240691e-01
 3.71425688e-01 4.25186455e-02 7.78042711e-03 0.00000000e+00
 1.50876716e-01 9.72571746e-02 0.00000000e+00 1.47531137e-01
 2.19524011e-01 0.00000000e+00 5.92703745e-02 2.14053001e-02
 0.00000000e+00 1.10554256e-01 5.75356302e-04 3.63350026e-02
 5.83055466e-02 0.00000000e+00 8.82150307e-02 6.90271929e-02
 1.33116961e-01 1.98312438e-04 7.20311180e-02 0.00000000e+00
 1.08491173e-02 2.35269308e-01 3.07415705e-02 0.00000000e+00
 3.32520485e-01 8.82426724e-02 4.94151260e-04 4.88497950e-02
 2.13316809e-02 0.00000000e+00 8.12219828e-03 2.10019574e-01
 0.00000000e+00 1.14405997e-01 2.27055922e-01 2.39596844e-01
 8.05987865e-02 0.00000000e+00 2.71680579e-02 3.40841562e-02
 0.00000000e+00 2.08581328e-01 4.38469574e-02 4.88598160e-02
 3.17905704e-03 1.25436991e-01 6.43622782e-03 1.33142203e-01
 0.00000000e+00 5.70265912e-02 0.00000000e+00 9.53163579e-02
 1.77773923e-01 1.07131135e-02 8.55318084e-02 8.78710225e-02
 6.25987258e-03 5.93777448e-02 0.00000000e+00 7.33976290e-02
 1.03648260e-01 8.36006179e-02 1.37130171e-01 1.48518965e-01
 8.61600488e-02 9.19989198e-02 6.71694875e-02 8.14258605e-02
 0.00000000e+00 0.00000000e+00 3.96950766e-02 1.86861604e-02
 8.33081603e-02 3.95512879e-02 1.43863610e-03 3.30914736e-01
 1.59450900e-02 3.07541609e-01 8.62134807e-03 1.33888587e-01
 0.00000000e+00 2.00642586e-01 7.92639330e-02 0.00000000e+00
 6.04608981e-03 6.94259107e-02 2.53637701e-01 4.55721319e-02
 8.97580534e-02 1.10435538e-01 6.20806478e-02 1.71690270e-01
 0.00000000e+00 1.86212182e-01 0.00000000e+00 1.84255719e-01
 5.39581515e-02 6.40816391e-02 2.67674401e-02 1.04490809e-01
 2.50717312e-01 2.46519744e-02 1.54222891e-01 0.00000000e+00
 1.16480522e-01 4.42334302e-02 1.97805762e-01 3.50305322e-03
 1.04884878e-01 2.36368537e-01 1.67985409e-01 1.76819358e-02
 2.80576259e-01 7.40291178e-03 0.00000000e+00 5.71121126e-02
 8.33694241e-04 6.26304597e-02 0.00000000e+00 1.64976977e-02
 3.23700935e-01 6.47184253e-02 3.53691503e-02 1.68909624e-01
 1.17499847e-02 1.95503086e-02 4.27703746e-02 0.00000000e+00
 1.76110327e-01 1.96495336e-02 0.00000000e+00 0.00000000e+00
 0.00000000e+00 1.02113485e-02 5.80375781e-03 7.89971203e-02
 1.23811042e-04 1.77819803e-02 1.84748843e-02 2.27609724e-02
 1.03753142e-03 9.73860361e-03 9.66107175e-02 6.00108616e-02
 1.68208703e-01 8.12147371e-03 1.38232738e-01 8.84666517e-02
 0.00000000e+00 4.35134917e-02 0.00000000e+00 2.69867219e-02
 2.17874721e-02 2.75054276e-01 5.84306940e-02 1.87490940e-01
 1.90434843e-01 5.44647574e-02 1.55829072e-01 3.78680043e-02
 3.41604277e-02 3.40434238e-02 0.00000000e+00 2.32718110e-01
 1.48329958e-01 1.74062759e-01 2.34149732e-02 2.24614739e-02
 1.29875622e-03 1.01198144e-01 3.98941450e-02 1.06893096e-03
 2.22202063e-01 0.00000000e+00 1.54356435e-01 9.08382330e-03
 1.09711409e-01 1.22555256e-01 0.00000000e+00 1.46486918e-02
 1.72167987e-01 0.00000000e+00 2.44673528e-02 0.00000000e+00
 1.28354907e-01 1.63750742e-02 1.87320828e-01 0.00000000e+00
 7.48544037e-02 3.52247953e-01 2.96930671e-01 0.00000000e+00
 1.62339106e-01 0.00000000e+00 4.55419570e-02 0.00000000e+00]","[2.00880207e-02 3.19451451e-01 9.28963199e-02 5.33666909e-01
 3.12468976e-01 1.49726495e-02 3.84687595e-02 0.00000000e+00
 2.04065293e-02 4.34352458e-02 1.81607589e-01 1.28404111e-01
 0.00000000e+00 0.00000000e+00 0.00000000e+00 9.72487777e-02
 1.45537972e-01 6.33820519e-02 1.68601260e-01 4.96005788e-02
 8.27251598e-02 7.00196698e-02 3.14183943e-02 9.36768726e-02
 5.42026088e-02 0.00000000e+00 2.60894764e-02 1.28277438e-02
 3.01183704e-02 1.31673843e-01 2.57395178e-01 3.41285765e-02
 5.38143655e-03 6.00153580e-02 0.00000000e+00 6.66960701e-02
 3.34557474e-01 1.75390750e-01 0.00000000e+00 0.00000000e+00
 2.88502157e-01 1.93704635e-01 3.50305051e-01 0.00000000e+00
 6.99441284e-02 1.15782760e-01 0.00000000e+00 6.63547367e-02
 4.33591381e-03 2.36760871e-03 0.00000000e+00 1.64580252e-02
 1.40810415e-01 1.32826298e-01 2.83335336e-02 8.63556862e-02
 1.36254326e-01 2.49770910e-01 8.41851085e-02 1.64118364e-01
 0.00000000e+00 1.95789980e-04 6.20732456e-03 0.00000000e+00
 1.38298541e-01 3.16167176e-02 3.57692316e-02 8.96776319e-02
 2.38173306e-01 1.91043708e-02 3.72711271e-02 7.10143074e-02
 8.80184546e-02 1.08977027e-01 7.15940148e-02 3.69620115e-01
 1.52251655e-02 7.62300417e-02 7.55329132e-02 1.15978541e-02
 2.25166953e-03 1.55625865e-01 2.91121867e-03 1.33088538e-02
 1.96120977e-01 0.00000000e+00 1.31918015e-02 1.21995896e-01
 1.74637586e-01 1.73536137e-01 7.70263895e-02 1.09581165e-02
 1.50003117e-02 1.18368931e-01 7.02542765e-03 2.03334883e-01
 0.00000000e+00 0.00000000e+00 2.16192603e-01 1.23421699e-01
 4.35850441e-01 2.69074086e-02 8.06731265e-03 1.19739668e-02
 6.78996593e-02 8.92633349e-02 8.29677936e-03 7.34894574e-02
 1.57465130e-01 0.00000000e+00 5.00027128e-02 6.66101128e-02
 0.00000000e+00 8.27641040e-02 2.96741934e-03 1.99487001e-01
 3.70869823e-02 2.38183066e-02 5.95152043e-02 4.20866497e-02
 3.48332226e-02 7.53557011e-02 9.08286944e-02 0.00000000e+00
 1.29163757e-01 2.20039442e-01 2.95273326e-02 7.21869757e-03
 9.62065011e-02 6.67211860e-02 4.24318900e-03 7.38680959e-02
 6.00043833e-02 0.00000000e+00 4.68108766e-02 2.10726336e-01
 2.01629871e-03 1.25140771e-01 2.98375994e-01 5.06621376e-02
 9.63329617e-03 2.19496414e-02 0.00000000e+00 2.57659908e-02
 3.18124169e-03 1.54324517e-01 1.54957268e-02 1.83341354e-02
 3.33324046e-04 6.05718754e-02 5.60067259e-02 1.94565251e-01
 4.00560210e-03 1.27183005e-01 0.00000000e+00 5.39138429e-02
 5.74426539e-02 3.70843410e-02 1.96345188e-02 1.26618102e-01
 2.12183744e-02 1.74339131e-01 3.00762840e-02 6.34546131e-02
 5.20633198e-02 1.25818327e-01 9.74551663e-02 1.22134015e-01
 5.30424640e-02 4.70672734e-02 6.48823753e-02 1.18203416e-01
 0.00000000e+00 2.78174691e-03 7.72900134e-02 2.49807891e-02
 1.01046219e-01 1.22565135e-01 6.53169770e-03 3.44978541e-01
 2.79681459e-02 1.76814795e-01 1.87232476e-02 7.60979578e-02
 0.00000000e+00 2.61836529e-01 4.49358709e-02 1.58446487e-02
 8.34501907e-03 9.52599645e-02 1.36556953e-01 6.35301247e-02
 1.41817734e-01 7.46269152e-02 3.72936465e-02 2.03313395e-01
 8.70792195e-03 1.26838356e-01 0.00000000e+00 1.80907398e-01
 4.10301350e-02 2.90879551e-02 5.29085733e-02 6.92131519e-02
 3.08962613e-01 2.28363145e-02 1.19787827e-01 3.29703849e-04
 1.24818154e-01 7.36797452e-02 5.95384799e-02 8.54911935e-03
 6.47454262e-02 1.87142655e-01 1.13073334e-01 6.09931014e-02
 2.65823632e-01 1.86418444e-02 2.16824654e-02 5.81457950e-02
 0.00000000e+00 2.07046643e-02 6.96697924e-03 1.21188806e-02
 3.82743984e-01 1.44159332e-01 2.16743723e-01 1.71082139e-01
 2.28688698e-02 1.14240907e-02 6.73430115e-02 0.00000000e+00
 1.16034769e-01 7.42297098e-02 2.88403872e-03 0.00000000e+00
 4.56061736e-02 0.00000000e+00 4.67670336e-03 1.10279232e-01
 0.00000000e+00 2.89044958e-02 6.99901506e-02 4.48468067e-02
 1.85815641e-03 5.29496334e-02 2.86687821e-01 8.21467191e-02
 6.80306181e-02 7.83709809e-02 1.07948989e-01 4.40263338e-02
 2.12910734e-02 7.47102359e-03 0.00000000e+00 7.53127709e-02
 2.76432857e-02 2.47278869e-01 1.21460175e-02 1.50223479e-01
 1.86787263e-01 4.62835357e-02 1.55424491e-01 1.15240561e-02
 0.00000000e+00 7.94288665e-02 5.48896007e-03 1.87811494e-01
 1.31236687e-01 1.31584853e-01 3.96164209e-02 0.00000000e+00
 1.35724358e-02 1.10145077e-01 1.09161995e-01 1.02922171e-02
 1.96487948e-01 7.62837566e-03 7.73118585e-02 2.03328971e-02
 2.48982143e-02 2.40075201e-01 0.00000000e+00 1.20590866e-01
 2.34344274e-01 1.02651287e-02 5.04537113e-02 0.00000000e+00
 2.22089648e-01 1.05750494e-01 1.66821361e-01 1.71392839e-02
 4.05198932e-02 4.59369957e-01 1.55605614e-01 0.00000000e+00
 2.35559762e-01 0.00000000e+00 3.28082442e-02 3.89662459e-02]","[0.         0.74293286 0.31160378 0.6636343  0.77365071 0.
 0.         0.         0.         0.04454427 0.12375737 0.33810943
 0.         0.         0.         0.29965305 0.47874287 0.
 0.         0.         0.         0.10504779 0.         0.23840897
 0.18215731 0.         0.         0.         0.         0.13439146
 0.57232863 0.11121723 0.         0.         0.         0.
 0.36247444 0.31336305 0.         0.         0.2855891  0.04403479
 0.32923526 0.         0.         0.12167042 0.         0.
 0.         0.         0.         0.02646548 0.         0.
 0.         0.28773621 0.49346298 0.39477012 0.03022104 0.29199669
 0.         0.         0.16139044 0.         0.19083247 0.
 0.15887843 0.20509024 0.20521614 0.         0.23082808 0.04452106
 0.26992086 0.17716813 0.         0.2597453  0.11709215 0.
 0.         0.         0.         0.         0.         0.15835702
 0.55848509 0.         0.         0.12999693 0.58318651 0.20739895
 0.10557764 0.12980878 0.         0.         0.         0.20213659
 0.         0.         0.30861858 0.32559124 0.72532529 0.24736629
 0.         0.31132314 0.         0.         0.         0.16604228
 0.35790095 0.         0.         0.         0.         0.
 0.         0.12044461 0.         0.         0.         0.
 0.25300249 0.12151202 0.14189442 0.         0.1061727  0.00828784
 0.         0.         0.26627916 0.18647872 0.         0.31079969
 0.         0.         0.         0.41095704 0.         0.14092632
 0.57623768 0.         0.06413106 0.         0.         0.
 0.         0.         0.         0.10164591 0.         0.2439876
 0.         0.33547929 0.         0.1986019  0.         0.45030463
 0.         0.         0.         0.1504173  0.         0.14617991
 0.         0.         0.04789674 0.17405665 0.13614057 0.30599186
 0.         0.         0.07712473 0.54738122 0.         0.07232542
 0.14126699 0.         0.03165922 0.         0.         0.62649107
 0.0886839  0.55076677 0.         0.02757695 0.         0.31213793
 0.29684657 0.         0.         0.14828275 0.39713886 0.13963598
 0.         0.28183669 0.         0.285265   0.08155911 0.02257876
 0.         0.10255469 0.         0.         0.         0.4648056
 0.49282366 0.         0.17539442 0.0085723  0.24411315 0.16902719
 0.1566502  0.         0.57449174 0.         0.         0.
 0.4391171  0.14545009 0.         0.09413788 0.         0.00232062
 0.         0.         0.25588626 0.14711598 0.31483933 0.38368282
 0.         0.         0.31098279 0.         0.         0.52872622
 0.         0.         0.         0.         0.         0.26220441
 0.         0.         0.         0.09209171 0.         0.
 0.55780804 0.01918341 0.18414736 0.         0.33235517 0.10811463
 0.         0.         0.         0.3347545  0.22326154 0.10861199
 0.         0.25765249 0.31674638 0.         0.         0.
 0.         0.         0.         0.         0.2615478  0.45459145
 0.         0.         0.         0.         0.01361825 0.
 0.6175741  0.         0.22729069 0.12200494 0.         0.
 0.         0.30956542 0.         0.         0.28481415 0.
 0.33950931 0.         0.21402057 0.         0.07506081 0.65305418
 0.         0.         0.26320255 0.         0.         0.03427296]"
1,1,25,norcamphor3exo,O=C1[CH][C@H]2CC[C@@H]1C2.O=C1C[C@H]2CC[C@@H]1C2,Validation,126.25,66.43,127.72,141.26,140.45,14.07,O=C1[CH][C@H]2CC[C@@H]1C2.O=C1C[C@H]2CC[C@@H]1C2,"[3.22787836e-02 1.50489494e-01 3.94712500e-02 8.35899562e-02
 2.62077332e-01 0.00000000e+00 3.67503287e-03 0.00000000e+00
 9.08158198e-02 1.01112641e-01 4.66727652e-02 1.59164548e-01
 0.00000000e+00 1.55354869e-02 1.40881855e-02 1.77208185e-01
 6.27106950e-02 0.00000000e+00 1.13613710e-01 0.00000000e+00
 9.39298514e-03 1.32951275e-01 4.19873948e-04 7.14035779e-02
 1.51113672e-02 1.07505219e-03 0.00000000e+00 5.91817424e-02
 8.08192417e-03 1.92071497e-01 3.15168798e-01 5.70936352e-02
 0.00000000e+00 2.10979600e-02 2.88057839e-03 1.36159128e-02
 1.23590350e-01 2.97805741e-02 0.00000000e+00 0.00000000e+00
 2.67397255e-01 6.88303560e-02 3.15640539e-01 6.29482442e-04
 0.00000000e+00 1.15118913e-01 0.00000000e+00 3.77450846e-02
 0.00000000e+00 6.73641562e-02 2.60374788e-03 3.27081159e-02
 3.61066125e-02 1.22735091e-01 6.97713403e-04 1.48582086e-01
 1.99119791e-01 1.04271449e-01 9.99090299e-02 7.06203049e-03
 0.00000000e+00 2.97363126e-03 0.00000000e+00 0.00000000e+00
 1.90548852e-01 6.75636530e-03 9.17812511e-02 2.15145145e-02
 2.39884719e-01 1.76624663e-03 5.28304139e-03 2.38036979e-02
 1.25846550e-01 2.53557682e-01 9.15751457e-02 1.42245635e-01
 0.00000000e+00 1.43278157e-02 1.10516071e-01 1.07461056e-02
 1.55422641e-02 6.50944412e-02 0.00000000e+00 8.15601146e-04
 2.83286106e-02 1.80613002e-04 1.96389225e-03 7.77729526e-02
 1.62394479e-01 1.73496962e-01 3.90623845e-02 9.80259329e-02
 0.00000000e+00 4.07084413e-02 6.40722737e-02 2.49931127e-01
 0.00000000e+00 0.00000000e+00 1.59861907e-01 1.67199507e-01
 3.85151058e-01 9.53660384e-02 1.01847323e-02 4.25735256e-04
 6.77624866e-02 8.54971781e-02 0.00000000e+00 7.62190521e-02
 2.32276991e-01 0.00000000e+00 6.14948682e-02 0.00000000e+00
 0.00000000e+00 3.67453732e-02 6.17760699e-04 3.14783975e-02
 7.43216574e-02 0.00000000e+00 1.36740565e-01 7.69118071e-02
 7.18182325e-02 5.33545762e-03 6.40237108e-02 0.00000000e+00
 4.07177396e-03 1.90222874e-01 2.37882696e-02 0.00000000e+00
 2.96613604e-01 5.01249433e-02 2.61328602e-03 1.19537033e-01
 6.03930540e-02 4.82125245e-02 0.00000000e+00 2.38086149e-01
 0.00000000e+00 1.97520349e-02 1.79172099e-01 3.16828430e-01
 1.45487860e-01 0.00000000e+00 9.19019897e-03 1.43261731e-01
 0.00000000e+00 1.56797960e-01 7.27523938e-02 8.40616375e-02
 7.03678932e-03 4.78525050e-02 1.04083233e-02 8.78592134e-02
 0.00000000e+00 3.72523926e-02 0.00000000e+00 9.40549374e-02
 1.40131533e-01 0.00000000e+00 5.32499440e-02 1.31358117e-01
 8.65395460e-03 4.89753745e-02 0.00000000e+00 1.60801306e-01
 1.81136131e-01 4.37127165e-02 7.99360052e-02 1.11701146e-01
 4.10663411e-02 9.63816568e-02 5.93311712e-02 1.41483516e-01
 0.00000000e+00 0.00000000e+00 2.97874156e-02 4.79043722e-02
 1.33465640e-02 1.03065418e-02 3.92446853e-03 3.12956899e-01
 1.05288075e-02 2.34950602e-01 1.03475945e-02 1.30127698e-01
 0.00000000e+00 4.14879844e-02 7.99301639e-02 0.00000000e+00
 2.08547972e-02 6.89852908e-02 1.87642455e-01 5.41032106e-02
 1.38119593e-01 9.12636295e-02 2.38827839e-02 1.61632493e-01
 0.00000000e+00 3.07801157e-01 0.00000000e+00 1.46820709e-01
 2.30571926e-02 1.76341608e-01 3.64166684e-02 1.59129858e-01
 1.53503582e-01 2.79453187e-03 1.51849106e-01 0.00000000e+00
 5.54498211e-02 1.39356032e-01 2.30599612e-01 0.00000000e+00
 9.17424336e-02 2.75465339e-01 1.57283857e-01 6.15732744e-04
 2.64912516e-01 4.75326367e-03 0.00000000e+00 2.38177981e-02
 0.00000000e+00 2.12748442e-02 0.00000000e+00 4.70611230e-02
 2.34662533e-01 4.96864803e-02 6.14113994e-02 1.55968219e-01
 1.42398076e-02 1.81124210e-02 3.40496600e-02 0.00000000e+00
 2.09685400e-01 3.36905271e-02 0.00000000e+00 0.00000000e+00
 0.00000000e+00 1.40305823e-02 3.36805056e-03 2.36987565e-02
 0.00000000e+00 3.20692472e-02 2.71645747e-02 5.66312000e-02
 0.00000000e+00 4.33153175e-02 2.72585507e-02 6.19330667e-02
 1.14650227e-01 1.50830494e-02 1.42020062e-01 7.00634047e-02
 0.00000000e+00 4.65290807e-02 0.00000000e+00 2.59244088e-02
 2.44266987e-02 3.24146092e-01 6.21698163e-02 7.70398676e-02
 1.36542961e-01 9.81227830e-02 1.87903568e-01 3.08868848e-02
 6.41117394e-02 5.07271849e-02 5.67585183e-03 2.02385396e-01
 1.92885935e-01 9.84336212e-02 1.72978535e-03 7.02459589e-02
 0.00000000e+00 1.01662531e-01 5.21551445e-02 0.00000000e+00
 8.25986415e-02 0.00000000e+00 5.89224435e-02 2.48070266e-02
 7.14661852e-02 5.05145527e-02 4.46674461e-03 2.70333514e-02
 1.39736578e-01 0.00000000e+00 1.25748888e-02 0.00000000e+00
 6.66882470e-02 0.00000000e+00 1.04954071e-01 1.07192891e-02
 8.05961862e-02 2.06024066e-01 1.85527191e-01 0.00000000e+00
 1.67815357e-01 0.00000000e+00 4.57672551e-02 2.32474245e-02]","[0.03446995 0.1095575  0.11514508 0.38581327 0.14069605 0.0016756
 0.08486795 0.         0.06873254 0.0121688  0.20143938 0.15139514
 0.         0.00633261 0.         0.08150146 0.11225758 0.09076617
 0.16822049 0.00359627 0.10993134 0.10355587 0.04857232 0.08814461
 0.04977926 0.         0.04531902 0.06265236 0.04433332 0.0742306
 0.22355856 0.10192166 0.00714022 0.10242242 0.         0.06205365
 0.28349477 0.15933889 0.         0.         0.19845708 0.17532113
 0.27355987 0.         0.13805905 0.0625996  0.         0.1270584
 0.         0.01242804 0.04284745 0.02463328 0.22012642 0.11595058
 0.02411242 0.02322835 0.09799083 0.34653416 0.08816204 0.10725949
 0.         0.01439868 0.         0.00190264 0.14779522 0.01920917
 0.07426117 0.05429474 0.27485377 0.02423659 0.03896779 0.04330625
 0.14399648 0.04783432 0.0877933  0.22307889 0.01743755 0.12785959
 0.1436612  0.         0.01121516 0.08574724 0.00913846 0.01351929
 0.17671345 0.00323397 0.         0.116341   0.15240774 0.2022735
 0.06341103 0.04560109 0.02605505 0.03311779 0.0144132  0.10264401
 0.         0.         0.2644884  0.14368649 0.35569516 0.09646495
 0.0187415  0.0057701  0.01869719 0.05861614 0.02843394 0.02658426
 0.15164503 0.         0.08168615 0.04033016 0.         0.0044989
 0.01272729 0.17838949 0.05020299 0.0273545  0.14380494 0.02741355
 0.02484437 0.12428115 0.08187781 0.00291341 0.05515207 0.18944672
 0.0427714  0.01592048 0.02477218 0.03984227 0.00137762 0.10270531
 0.11364161 0.02192153 0.04799001 0.31562337 0.00705555 0.11330081
 0.28027487 0.12712091 0.02097467 0.02113669 0.         0.11118099
 0.01492459 0.08144471 0.06389333 0.045752   0.02083484 0.02546825
 0.11983246 0.14968589 0.01906599 0.09161749 0.         0.05769736
 0.04597209 0.0420918  0.01664008 0.16215798 0.02910382 0.15158615
 0.04830251 0.08469174 0.10801465 0.09377415 0.08466846 0.12751253
 0.0048897  0.073668   0.09573466 0.12363936 0.         0.
 0.04934805 0.051157   0.1208638  0.08872908 0.03821054 0.32548639
 0.05473669 0.10475956 0.04634253 0.04111275 0.         0.15565671
 0.04940725 0.00943253 0.0300326  0.11031078 0.11706799 0.05972067
 0.20780025 0.08448023 0.02711969 0.21567878 0.02453159 0.23277412
 0.         0.1510461  0.07106395 0.12137865 0.11934935 0.05616954
 0.18641533 0.03758178 0.07854173 0.00186527 0.11388146 0.19214381
 0.08895514 0.00861417 0.04731265 0.19850411 0.03884709 0.05765627
 0.27817917 0.         0.05976484 0.05595817 0.00535925 0.02849726
 0.0088639  0.01645797 0.32275733 0.1161989  0.24407148 0.13255966
 0.04315963 0.05040279 0.07435785 0.         0.1156652  0.09458229
 0.         0.         0.10428516 0.01606489 0.         0.07527644
 0.         0.06880165 0.11770994 0.0361225  0.         0.03861535
 0.19077459 0.07442982 0.07504258 0.07411278 0.07882734 0.0327613
 0.03197274 0.00129485 0.         0.10083794 0.04477425 0.2912887
 0.03184246 0.12709847 0.11946796 0.09100542 0.13125069 0.07253389
 0.         0.08939767 0.00047347 0.12667683 0.15196966 0.05240307
 0.         0.00708049 0.004135   0.12848291 0.172631   0.02435802
 0.12458602 0.0024848  0.0621734  0.0672823  0.01522676 0.10521107
 0.         0.10015721 0.24308789 0.05982883 0.03953499 0.0067443
 0.16024694 0.05692452 0.07412803 0.06772289 0.04269711 0.33170033
 0.02755563 0.         0.20426922 0.01087083 0.07144555 0.16232903]","[0.         0.48036602 0.30504385 0.25540164 0.52802485 0.
 0.00386834 0.         0.12762924 0.         0.14927097 0.17604089
 0.         0.10765445 0.         0.07693268 0.49339154 0.
 0.06177737 0.         0.         0.23581803 0.04836298 0.
 0.13752343 0.         0.         0.10451953 0.11429489 0.28214315
 0.20897014 0.40457317 0.         0.         0.         0.
 0.2393499  0.29983637 0.         0.         0.40832084 0.02221431
 0.06476326 0.         0.         0.0366674  0.         0.05059334
 0.         0.         0.08806342 0.32242873 0.         0.
 0.         0.19707778 0.36813611 0.65139252 0.12883407 0.05777245
 0.         0.         0.         0.         0.         0.
 0.09101959 0.02288538 0.2597416  0.03446862 0.10911418 0.
 0.37778938 0.18643616 0.         0.         0.         0.02434193
 0.         0.         0.         0.         0.         0.
 0.42454374 0.         0.         0.16027813 0.36804548 0.24751087
 0.31585932 0.         0.06398292 0.         0.         0.
 0.         0.         0.3452372  0.29420662 0.2023021  0.37613714
 0.         0.08938518 0.         0.         0.         0.
 0.28102043 0.         0.1113752  0.         0.         0.
 0.         0.23477903 0.16590847 0.18855977 0.05380562 0.11940934
 0.13952802 0.         0.00534577 0.         0.01115667 0.00140257
 0.05103914 0.         0.14731507 0.28014633 0.         0.34695616
 0.         0.02071014 0.00951045 0.48394638 0.         0.
 0.41642892 0.09786852 0.0404412  0.         0.         0.20302126
 0.         0.         0.         0.17722651 0.         0.
 0.16347361 0.27281508 0.         0.04719701 0.         0.26810297
 0.         0.         0.         0.29490551 0.         0.06681942
 0.         0.         0.13067085 0.12807512 0.         0.13395616
 0.         0.         0.1046987  0.45036885 0.         0.
 0.         0.         0.         0.         0.         0.32082608
 0.12733695 0.13986401 0.         0.0958636  0.         0.
 0.1792312  0.         0.         0.28091061 0.25841734 0.04806066
 0.14287016 0.18253933 0.         0.25691774 0.13614854 0.45152539
 0.         0.19994256 0.         0.         0.         0.44998467
 0.2230829  0.         0.         0.03170959 0.12541778 0.23649886
 0.15513219 0.         0.34633216 0.31346825 0.         0.
 0.32876813 0.         0.         0.20916191 0.         0.02510664
 0.01803058 0.         0.09738807 0.         0.29143187 0.53298783
 0.03239822 0.         0.1731725  0.         0.         0.41589698
 0.         0.         0.         0.         0.         0.27144682
 0.         0.04667793 0.13016868 0.26322275 0.         0.
 0.22680223 0.         0.20191558 0.03210631 0.2229443  0.10457025
 0.         0.         0.         0.4591752  0.1289058  0.36408591
 0.         0.21365499 0.23585324 0.12883173 0.12856205 0.
 0.         0.         0.         0.26014555 0.25193727 0.43296891
 0.         0.         0.         0.13225059 0.15799814 0.
 0.33163008 0.01632546 0.11890944 0.22299048 0.         0.
 0.         0.22093476 0.         0.         0.10804628 0.
 0.37321392 0.         0.23484869 0.         0.19066846 0.26854444
 0.         0.         0.19138651 0.         0.         0.22487861]"
2,2,26,norcamphor5exo,O=C1C[C@H]2[CH]C[C@@H]1C2.O=C1C[C@H]2CC[C@@H]1C2,Validation,132.04,101.79,133.02,145.94,145.11,13.96,O=C1C[C@H]2[CH]C[C@@H]1C2.O=C1C[C@H]2CC[C@@H]1C2,"[3.22787836e-02 1.50489494e-01 3.94712500e-02 8.35899562e-02
 2.62077332e-01 0.00000000e+00 3.67503287e-03 0.00000000e+00
 9.08158198e-02 1.01112641e-01 4.66727652e-02 1.59164548e-01
 0.00000000e+00 1.55354869e-02 1.40881855e-02 1.77208185e-01
 6.27106950e-02 0.00000000e+00 1.13613710e-01 0.00000000e+00
 9.39298514e-03 1.32951275e-01 4.19873948e-04 7.14035779e-02
 1.51113672e-02 1.07505219e-03 0.00000000e+00 5.91817424e-02
 8.08192417e-03 1.92071497e-01 3.15168798e-01 5.70936352e-02
 0.00000000e+00 2.10979600e-02 2.88057839e-03 1.36159128e-02
 1.23590350e-01 2.97805741e-02 0.00000000e+00 0.00000000e+00
 2.67397255e-01 6.88303560e-02 3.15640539e-01 6.29482442e-04
 0.00000000e+00 1.15118913e-01 0.00000000e+00 3.77450846e-02
 0.00000000e+00 6.73641562e-02 2.60374788e-03 3.27081159e-02
 3.61066125e-02 1.22735091e-01 6.97713403e-04 1.48582086e-01
 1.99119791e-01 1.04271449e-01 9.99090299e-02 7.06203049e-03
 0.00000000e+00 2.97363126e-03 0.00000000e+00 0.00000000e+00
 1.90548852e-01 6.75636530e-03 9.17812511e-02 2.15145145e-02
 2.39884719e-01 1.76624663e-03 5.28304139e-03 2.38036979e-02
 1.25846550e-01 2.53557682e-01 9.15751457e-02 1.42245635e-01
 0.00000000e+00 1.43278157e-02 1.10516071e-01 1.07461056e-02
 1.55422641e-02 6.50944412e-02 0.00000000e+00 8.15601146e-04
 2.83286106e-02 1.80613002e-04 1.96389225e-03 7.77729526e-02
 1.62394479e-01 1.73496962e-01 3.90623845e-02 9.80259329e-02
 0.00000000e+00 4.07084413e-02 6.40722737e-02 2.49931127e-01
 0.00000000e+00 0.00000000e+00 1.59861907e-01 1.67199507e-01
 3.85151058e-01 9.53660384e-02 1.01847323e-02 4.25735256e-04
 6.77624866e-02 8.54971781e-02 0.00000000e+00 7.62190521e-02
 2.32276991e-01 0.00000000e+00 6.14948682e-02 0.00000000e+00
 0.00000000e+00 3.67453732e-02 6.17760699e-04 3.14783975e-02
 7.43216574e-02 0.00000000e+00 1.36740565e-01 7.69118071e-02
 7.18182325e-02 5.33545762e-03 6.40237108e-02 0.00000000e+00
 4.07177396e-03 1.90222874e-01 2.37882696e-02 0.00000000e+00
 2.96613604e-01 5.01249433e-02 2.61328602e-03 1.19537033e-01
 6.03930540e-02 4.82125245e-02 0.00000000e+00 2.38086149e-01
 0.00000000e+00 1.97520349e-02 1.79172099e-01 3.16828430e-01
 1.45487860e-01 0.00000000e+00 9.19019897e-03 1.43261731e-01
 0.00000000e+00 1.56797960e-01 7.27523938e-02 8.40616375e-02
 7.03678932e-03 4.78525050e-02 1.04083233e-02 8.78592134e-02
 0.00000000e+00 3.72523926e-02 0.00000000e+00 9.40549374e-02
 1.40131533e-01 0.00000000e+00 5.32499440e-02 1.31358117e-01
 8.65395460e-03 4.89753745e-02 0.00000000e+00 1.60801306e-01
 1.81136131e-01 4.37127165e-02 7.99360052e-02 1.11701146e-01
 4.10663411e-02 9.63816568e-02 5.93311712e-02 1.41483516e-01
 0.00000000e+00 0.00000000e+00 2.97874156e-02 4.79043722e-02
 1.33465640e-02 1.03065418e-02 3.92446853e-03 3.12956899e-01
 1.05288075e-02 2.34950602e-01 1.03475945e-02 1.30127698e-01
 0.00000000e+00 4.14879844e-02 7.99301639e-02 0.00000000e+00
 2.08547972e-02 6.89852908e-02 1.87642455e-01 5.41032106e-02
 1.38119593e-01 9.12636295e-02 2.38827839e-02 1.61632493e-01
 0.00000000e+00 3.07801157e-01 0.00000000e+00 1.46820709e-01
 2.30571926e-02 1.76341608e-01 3.64166684e-02 1.59129858e-01
 1.53503582e-01 2.79453187e-03 1.51849106e-01 0.00000000e+00
 5.54498211e-02 1.39356032e-01 2.30599612e-01 0.00000000e+00
 9.17424336e-02 2.75465339e-01 1.57283857e-01 6.15732744e-04
 2.64912516e-01 4.75326367e-03 0.00000000e+00 2.38177981e-02
 0.00000000e+00 2.12748442e-02 0.00000000e+00 4.70611230e-02
 2.34662533e-01 4.96864803e-02 6.14113994e-02 1.55968219e-01
 1.42398076e-02 1.81124210e-02 3.40496600e-02 0.00000000e+00
 2.09685400e-01 3.36905271e-02 0.00000000e+00 0.00000000e+00
 0.00000000e+00 1.40305823e-02 3.36805056e-03 2.36987565e-02
 0.00000000e+00 3.20692472e-02 2.71645747e-02 5.66312000e-02
 0.00000000e+00 4.33153175e-02 2.72585507e-02 6.19330667e-02
 1.14650227e-01 1.50830494e-02 1.42020062e-01 7.00634047e-02
 0.00000000e+00 4.65290807e-02 0.00000000e+00 2.59244088e-02
 2.44266987e-02 3.24146092e-01 6.21698163e-02 7.70398676e-02
 1.36542961e-01 9.81227830e-02 1.87903568e-01 3.08868848e-02
 6.41117394e-02 5.07271849e-02 5.67585183e-03 2.02385396e-01
 1.92885935e-01 9.84336212e-02 1.72978535e-03 7.02459589e-02
 0.00000000e+00 1.01662531e-01 5.21551445e-02 0.00000000e+00
 8.25986415e-02 0.00000000e+00 5.89224435e-02 2.48070266e-02
 7.14661852e-02 5.05145527e-02 4.46674461e-03 2.70333514e-02
 1.39736578e-01 0.00000000e+00 1.25748888e-02 0.00000000e+00
 6.66882470e-02 0.00000000e+00 1.04954071e-01 1.07192891e-02
 8.05961862e-02 2.06024066e-01 1.85527191e-01 0.00000000e+00
 1.67815357e-01 0.00000000e+00 4.57672551e-02 2.32474245e-02]","[3.61298285e-02 1.63837224e-01 9.25072730e-02 4.16642398e-01
 1.74485847e-01 2.70533771e-03 1.08464792e-01 0.00000000e+00
 8.89759064e-02 2.34920066e-02 1.87405705e-01 1.73279569e-01
 0.00000000e+00 1.17284108e-04 0.00000000e+00 7.83409104e-02
 1.29042566e-01 1.36644006e-01 2.14887455e-01 2.00332701e-02
 1.38685629e-01 1.12785079e-01 5.47872633e-02 8.09205025e-02
 4.43240590e-02 0.00000000e+00 8.00811723e-02 3.24906409e-02
 4.28905264e-02 8.88966247e-02 1.79005966e-01 1.00383401e-01
 1.07769901e-02 7.16810673e-02 0.00000000e+00 5.93975149e-02
 3.15228462e-01 1.69167578e-01 0.00000000e+00 0.00000000e+00
 2.06911728e-01 1.46432817e-01 2.51793534e-01 0.00000000e+00
 1.36056870e-01 7.36321583e-02 0.00000000e+00 1.35154083e-01
 9.85871069e-03 1.39210923e-02 9.66946408e-03 7.67371757e-03
 2.06590682e-01 1.41310856e-01 3.62383984e-02 2.02638712e-02
 9.12453234e-02 3.48782152e-01 9.78330374e-02 1.11363634e-01
 0.00000000e+00 5.09671052e-04 1.63512379e-02 0.00000000e+00
 1.59498826e-01 4.54227366e-02 5.55216558e-02 6.55352250e-02
 2.54210621e-01 2.82784682e-02 3.39276530e-02 3.75313871e-02
 7.45588467e-02 6.08214475e-02 7.28121996e-02 2.87926614e-01
 1.90993864e-02 1.08360015e-01 1.27101049e-01 2.41876561e-02
 0.00000000e+00 1.13990903e-01 1.77709720e-04 3.62338801e-03
 1.36039063e-01 6.71076681e-03 0.00000000e+00 1.18279666e-01
 1.77303687e-01 2.43425757e-01 9.02349204e-02 6.39002696e-02
 1.73042063e-02 4.63034995e-02 1.37101673e-02 1.08592451e-01
 0.00000000e+00 0.00000000e+00 2.48636022e-01 1.57871068e-01
 4.23698753e-01 1.10625461e-01 1.58606339e-02 2.15082988e-02
 1.75437126e-02 9.39451680e-02 1.81051772e-02 3.01840343e-02
 1.38751253e-01 0.00000000e+00 6.58496693e-02 4.20219488e-02
 0.00000000e+00 1.59201771e-02 9.44171753e-03 1.89310133e-01
 4.06438559e-02 3.59953418e-02 9.14298967e-02 4.45479415e-02
 2.71366481e-02 1.36118546e-01 6.13681413e-02 1.27010397e-03
 1.07154973e-01 2.12525129e-01 2.67265718e-02 8.51691328e-03
 1.75028648e-02 4.01227549e-02 3.12000024e-03 1.28015935e-01
 1.59742296e-01 1.53821046e-02 3.13789770e-02 2.88834244e-01
 3.32538201e-03 1.07732318e-01 2.46865869e-01 9.13551971e-02
 4.39769663e-02 1.31185418e-02 0.00000000e+00 8.37609917e-02
 8.26711487e-03 5.89870699e-02 5.12138903e-02 2.48873383e-02
 8.67172144e-04 3.93261798e-02 6.95054829e-02 1.37168631e-01
 6.63342094e-03 8.59409943e-02 0.00000000e+00 7.73170367e-02
 3.72843184e-02 2.72369627e-02 1.82743352e-02 1.61524042e-01
 1.64166167e-02 2.24516988e-01 4.58777845e-02 1.11804225e-01
 1.28594041e-01 7.40253404e-02 7.26594254e-02 1.54490605e-01
 6.55589718e-03 7.60781318e-02 7.14655370e-02 1.69498712e-01
 0.00000000e+00 3.06493626e-03 2.82622818e-02 5.34908436e-02
 9.26357135e-02 9.66904014e-02 2.71446016e-02 3.54810923e-01
 4.70484011e-02 1.20443739e-01 3.38489860e-02 4.70841266e-02
 0.00000000e+00 1.51346579e-01 3.28829065e-02 9.45755187e-03
 4.16736212e-03 9.72299129e-02 6.84171692e-02 7.34032467e-02
 2.02475995e-01 6.93295896e-02 1.68966241e-02 1.96205378e-01
 2.84293760e-02 2.15924397e-01 0.00000000e+00 1.82792962e-01
 3.93936932e-02 1.15534611e-01 8.55251476e-02 6.62061498e-02
 2.23155811e-01 3.16115692e-02 7.86954165e-02 0.00000000e+00
 1.15804166e-01 1.94287837e-01 6.42178953e-02 0.00000000e+00
 4.77659665e-02 1.96308613e-01 4.50224318e-02 3.78283970e-02
 2.85488456e-01 1.76397469e-02 2.43832543e-02 3.51354480e-02
 6.23607915e-03 6.35250378e-03 2.66521331e-02 2.77174320e-02
 3.09414685e-01 1.91672221e-01 2.47329429e-01 1.27779454e-01
 3.47838886e-02 2.11032107e-02 5.61224222e-02 0.00000000e+00
 1.12132266e-01 7.53853694e-02 4.92998050e-04 0.00000000e+00
 8.38084891e-02 0.00000000e+00 3.29484604e-03 6.78739250e-02
 4.80999425e-03 8.25047195e-02 1.03615239e-01 3.00182216e-02
 0.00000000e+00 4.43955772e-02 2.36102164e-01 9.27758515e-02
 5.91698550e-02 9.17419344e-02 9.49000791e-02 2.69445982e-02
 7.07175583e-02 2.83637992e-03 0.00000000e+00 1.01149224e-01
 3.38028260e-02 2.86172152e-01 8.51148646e-03 1.01945475e-01
 1.30674228e-01 9.20010507e-02 1.64204732e-01 1.83479842e-02
 4.96178574e-04 1.02212787e-01 1.61322989e-02 1.46780983e-01
 1.50149658e-01 4.23329212e-02 0.00000000e+00 0.00000000e+00
 0.00000000e+00 1.05351269e-01 1.71869770e-01 1.99107584e-02
 1.06061764e-01 1.24365799e-02 3.85205969e-02 5.77570982e-02
 2.49644481e-02 1.53395802e-01 5.94935101e-03 1.23243265e-01
 2.45914832e-01 4.36221398e-02 5.23101427e-02 5.45351300e-03
 1.90769732e-01 7.37269595e-02 9.15349126e-02 5.79696037e-02
 4.69713919e-02 3.77355784e-01 2.48019565e-02 0.00000000e+00
 2.27150843e-01 4.72175097e-03 5.47194853e-02 1.72257602e-01]","[0.         0.3887099  0.282801   0.37320343 0.6587317  0.
 0.00896775 0.         0.04948332 0.         0.05062807 0.28120771
 0.         0.         0.         0.14062792 0.40932795 0.
 0.01444933 0.         0.         0.13588813 0.         0.08891927
 0.26563647 0.         0.         0.0324535  0.03885564 0.07745115
 0.41562128 0.37511939 0.         0.         0.         0.
 0.21803442 0.3757391  0.         0.         0.255288   0.
 0.13586564 0.         0.         0.02976978 0.         0.10010521
 0.         0.         0.         0.03125612 0.         0.
 0.         0.24446198 0.44156215 0.55037302 0.         0.13517493
 0.         0.         0.20312032 0.         0.17986555 0.
 0.08032876 0.03002314 0.12667157 0.         0.14502248 0.
 0.33161083 0.0703752  0.         0.         0.         0.
 0.         0.         0.         0.         0.         0.
 0.36238024 0.         0.         0.07821172 0.4332858  0.27964228
 0.22529823 0.3123357  0.         0.         0.         0.
 0.         0.         0.43470886 0.35171846 0.5237233  0.41858655
 0.         0.36564109 0.         0.         0.         0.18604791
 0.30462012 0.         0.         0.         0.         0.
 0.         0.08689728 0.01356289 0.13573934 0.14138603 0.0209454
 0.02730829 0.21000533 0.16842429 0.         0.1952354  0.
 0.00643678 0.         0.14472069 0.07860105 0.         0.32751182
 0.         0.25578824 0.         0.54666233 0.         0.
 0.35304832 0.03254076 0.16886342 0.         0.         0.16313228
 0.         0.         0.         0.30019602 0.         0.
 0.06164414 0.26899603 0.         0.18825422 0.         0.45032972
 0.         0.         0.         0.22577581 0.         0.13055933
 0.         0.         0.22347292 0.         0.03138975 0.27059796
 0.         0.         0.         0.52855039 0.         0.05210391
 0.         0.         0.         0.         0.         0.52082825
 0.         0.30467451 0.         0.         0.         0.12578465
 0.13790309 0.         0.         0.22823934 0.24860179 0.02367711
 0.17606117 0.17075643 0.         0.31383783 0.15173288 0.21175912
 0.         0.06234946 0.         0.         0.         0.54397339
 0.39573649 0.         0.17434642 0.         0.06803945 0.43455261
 0.14643875 0.         0.55437577 0.0553831  0.         0.
 0.39604715 0.         0.         0.19001141 0.         0.
 0.0379143  0.         0.13591033 0.13700476 0.3591826  0.31832665
 0.         0.         0.24000295 0.         0.06927131 0.54732352
 0.         0.         0.         0.         0.         0.12259617
 0.         0.20978519 0.         0.21424751 0.         0.
 0.34685552 0.05152968 0.04331672 0.         0.20306827 0.
 0.         0.         0.         0.3000246  0.28626546 0.23731744
 0.00314136 0.02190956 0.15057103 0.         0.10686348 0.
 0.         0.         0.         0.00346462 0.32441816 0.08068039
 0.         0.         0.         0.07941341 0.07218989 0.
 0.33847323 0.         0.07396863 0.25463066 0.         0.
 0.         0.27794623 0.         0.         0.18886244 0.
 0.28145343 0.         0.06389186 0.         0.15095645 0.42132601
 0.         0.         0.22662407 0.         0.         0.24797367]"
3,3,27,norcamphor6exo,O=C1C[C@H]2C[CH][C@@H]1C2.O=C1C[C@H]2CC[C@@H]1C2,Validation,128.29,102.02,130.23,143.71,142.16,12.73,O=C1C[C@H]2C[CH][C@@H]1C2.O=C1C[C@H]2CC[C@@H]1C2,"[3.22787836e-02 1.50489494e-01 3.94712500e-02 8.35899562e-02
 2.62077332e-01 0.00000000e+00 3.67503287e-03 0.00000000e+00
 9.08158198e-02 1.01112641e-01 4.66727652e-02 1.59164548e-01
 0.00000000e+00 1.55354869e-02 1.40881855e-02 1.77208185e-01
 6.27106950e-02 0.00000000e+00 1.13613710e-01 0.00000000e+00
 9.39298514e-03 1.32951275e-01 4.19873948e-04 7.14035779e-02
 1.51113672e-02 1.07505219e-03 0.00000000e+00 5.91817424e-02
 8.08192417e-03 1.92071497e-01 3.15168798e-01 5.70936352e-02
 0.00000000e+00 2.10979600e-02 2.88057839e-03 1.36159128e-02
 1.23590350e-01 2.97805741e-02 0.00000000e+00 0.00000000e+00
 2.67397255e-01 6.88303560e-02 3.15640539e-01 6.29482442e-04
 0.00000000e+00 1.15118913e-01 0.00000000e+00 3.77450846e-02
 0.00000000e+00 6.73641562e-02 2.60374788e-03 3.27081159e-02
 3.61066125e-02 1.22735091e-01 6.97713403e-04 1.48582086e-01
 1.99119791e-01 1.04271449e-01 9.99090299e-02 7.06203049e-03
 0.00000000e+00 2.97363126e-03 0.00000000e+00 0.00000000e+00
 1.90548852e-01 6.75636530e-03 9.17812511e-02 2.15145145e-02
 2.39884719e-01 1.76624663e-03 5.28304139e-03 2.38036979e-02
 1.25846550e-01 2.53557682e-01 9.15751457e-02 1.42245635e-01
 0.00000000e+00 1.43278157e-02 1.10516071e-01 1.07461056e-02
 1.55422641e-02 6.50944412e-02 0.00000000e+00 8.15601146e-04
 2.83286106e-02 1.80613002e-04 1.96389225e-03 7.77729526e-02
 1.62394479e-01 1.73496962e-01 3.90623845e-02 9.80259329e-02
 0.00000000e+00 4.07084413e-02 6.40722737e-02 2.49931127e-01
 0.00000000e+00 0.00000000e+00 1.59861907e-01 1.67199507e-01
 3.85151058e-01 9.53660384e-02 1.01847323e-02 4.25735256e-04
 6.77624866e-02 8.54971781e-02 0.00000000e+00 7.62190521e-02
 2.32276991e-01 0.00000000e+00 6.14948682e-02 0.00000000e+00
 0.00000000e+00 3.67453732e-02 6.17760699e-04 3.14783975e-02
 7.43216574e-02 0.00000000e+00 1.36740565e-01 7.69118071e-02
 7.18182325e-02 5.33545762e-03 6.40237108e-02 0.00000000e+00
 4.07177396e-03 1.90222874e-01 2.37882696e-02 0.00000000e+00
 2.96613604e-01 5.01249433e-02 2.61328602e-03 1.19537033e-01
 6.03930540e-02 4.82125245e-02 0.00000000e+00 2.38086149e-01
 0.00000000e+00 1.97520349e-02 1.79172099e-01 3.16828430e-01
 1.45487860e-01 0.00000000e+00 9.19019897e-03 1.43261731e-01
 0.00000000e+00 1.56797960e-01 7.27523938e-02 8.40616375e-02
 7.03678932e-03 4.78525050e-02 1.04083233e-02 8.78592134e-02
 0.00000000e+00 3.72523926e-02 0.00000000e+00 9.40549374e-02
 1.40131533e-01 0.00000000e+00 5.32499440e-02 1.31358117e-01
 8.65395460e-03 4.89753745e-02 0.00000000e+00 1.60801306e-01
 1.81136131e-01 4.37127165e-02 7.99360052e-02 1.11701146e-01
 4.10663411e-02 9.63816568e-02 5.93311712e-02 1.41483516e-01
 0.00000000e+00 0.00000000e+00 2.97874156e-02 4.79043722e-02
 1.33465640e-02 1.03065418e-02 3.92446853e-03 3.12956899e-01
 1.05288075e-02 2.34950602e-01 1.03475945e-02 1.30127698e-01
 0.00000000e+00 4.14879844e-02 7.99301639e-02 0.00000000e+00
 2.08547972e-02 6.89852908e-02 1.87642455e-01 5.41032106e-02
 1.38119593e-01 9.12636295e-02 2.38827839e-02 1.61632493e-01
 0.00000000e+00 3.07801157e-01 0.00000000e+00 1.46820709e-01
 2.30571926e-02 1.76341608e-01 3.64166684e-02 1.59129858e-01
 1.53503582e-01 2.79453187e-03 1.51849106e-01 0.00000000e+00
 5.54498211e-02 1.39356032e-01 2.30599612e-01 0.00000000e+00
 9.17424336e-02 2.75465339e-01 1.57283857e-01 6.15732744e-04
 2.64912516e-01 4.75326367e-03 0.00000000e+00 2.38177981e-02
 0.00000000e+00 2.12748442e-02 0.00000000e+00 4.70611230e-02
 2.34662533e-01 4.96864803e-02 6.14113994e-02 1.55968219e-01
 1.42398076e-02 1.81124210e-02 3.40496600e-02 0.00000000e+00
 2.09685400e-01 3.36905271e-02 0.00000000e+00 0.00000000e+00
 0.00000000e+00 1.40305823e-02 3.36805056e-03 2.36987565e-02
 0.00000000e+00 3.20692472e-02 2.71645747e-02 5.66312000e-02
 0.00000000e+00 4.33153175e-02 2.72585507e-02 6.19330667e-02
 1.14650227e-01 1.50830494e-02 1.42020062e-01 7.00634047e-02
 0.00000000e+00 4.65290807e-02 0.00000000e+00 2.59244088e-02
 2.44266987e-02 3.24146092e-01 6.21698163e-02 7.70398676e-02
 1.36542961e-01 9.81227830e-02 1.87903568e-01 3.08868848e-02
 6.41117394e-02 5.07271849e-02 5.67585183e-03 2.02385396e-01
 1.92885935e-01 9.84336212e-02 1.72978535e-03 7.02459589e-02
 0.00000000e+00 1.01662531e-01 5.21551445e-02 0.00000000e+00
 8.25986415e-02 0.00000000e+00 5.89224435e-02 2.48070266e-02
 7.14661852e-02 5.05145527e-02 4.46674461e-03 2.70333514e-02
 1.39736578e-01 0.00000000e+00 1.25748888e-02 0.00000000e+00
 6.66882470e-02 0.00000000e+00 1.04954071e-01 1.07192891e-02
 8.05961862e-02 2.06024066e-01 1.85527191e-01 0.00000000e+00
 1.67815357e-01 0.00000000e+00 4.57672551e-02 2.32474245e-02]","[0.05277114 0.15740475 0.08092673 0.37900797 0.17696953 0.
 0.09673671 0.         0.07773378 0.00963731 0.17482638 0.1572195
 0.         0.         0.         0.10760307 0.10808509 0.14645293
 0.20421852 0.03517086 0.11678211 0.10573297 0.04396037 0.07942107
 0.05254993 0.         0.08601058 0.0452334  0.03923969 0.08238956
 0.14927141 0.11320879 0.01462831 0.06520434 0.         0.06130026
 0.29137415 0.17019936 0.         0.         0.22921243 0.15828478
 0.2406736  0.         0.162972   0.07085504 0.         0.13537349
 0.004312   0.01274413 0.0069658  0.00963004 0.24025457 0.14549339
 0.05474076 0.02924808 0.08907961 0.36906967 0.08183913 0.10059094
 0.         0.01388166 0.01460435 0.         0.15352382 0.04353261
 0.05090011 0.06799873 0.25438067 0.03068282 0.02267825 0.03424187
 0.11164372 0.04306728 0.07034337 0.28980988 0.02768187 0.09819605
 0.12179511 0.01140738 0.00436179 0.11281344 0.00887884 0.00252874
 0.17473474 0.00195255 0.00178936 0.09540392 0.15401572 0.22730109
 0.06720281 0.06742221 0.04167705 0.0498595  0.02372312 0.09025172
 0.         0.         0.27921391 0.1408017  0.3990154  0.11711525
 0.0145464  0.02340199 0.01708978 0.08286143 0.01942075 0.01828655
 0.13605233 0.         0.07561427 0.04782635 0.         0.00870758
 0.01688144 0.19913568 0.05257671 0.02221653 0.1120306  0.02362124
 0.03522456 0.13217677 0.06296165 0.00088442 0.12551281 0.21054533
 0.03630904 0.         0.04979338 0.04050742 0.00745431 0.14407167
 0.14248578 0.00963031 0.06545297 0.26721466 0.00269882 0.09382628
 0.26169762 0.10469916 0.0432038  0.02981555 0.         0.10248897
 0.01165661 0.07649979 0.04834735 0.03682334 0.00896829 0.03212873
 0.09373143 0.15668933 0.01356552 0.07188191 0.         0.07433166
 0.03003944 0.0142613  0.03397141 0.15763788 0.03318432 0.23042138
 0.04877496 0.12158004 0.13482085 0.0665279  0.07279775 0.12814045
 0.01949202 0.07130767 0.0902213  0.14744167 0.         0.
 0.04052093 0.04490373 0.09168064 0.09844595 0.0290041  0.37489203
 0.06436281 0.11824649 0.03524182 0.03842696 0.         0.16832724
 0.04598916 0.01042594 0.02372861 0.10839109 0.07117017 0.08368886
 0.18927325 0.06757039 0.03132925 0.17300051 0.02494493 0.18841566
 0.         0.22377743 0.03701971 0.13385271 0.09585434 0.06457801
 0.21256007 0.02425846 0.07634713 0.00658305 0.1122584  0.1858231
 0.06415559 0.00430078 0.04754134 0.1935461  0.04710353 0.10487013
 0.29497138 0.00240638 0.03447483 0.04073127 0.00621409 0.02105443
 0.02663275 0.04489146 0.31442639 0.20334662 0.21868229 0.13235082
 0.03023567 0.02403689 0.06201716 0.00094132 0.11367572 0.07823998
 0.00150288 0.         0.06267812 0.         0.00399838 0.06430639
 0.         0.0845967  0.14709462 0.04567916 0.00330587 0.04896945
 0.24866407 0.095006   0.05937305 0.05954318 0.09962185 0.02404689
 0.07195495 0.00678613 0.         0.09953705 0.01863599 0.29632738
 0.01746885 0.11490649 0.13608445 0.08319221 0.14837493 0.0308232
 0.         0.08844887 0.01541607 0.18657811 0.17011918 0.04573479
 0.00407769 0.         0.00207041 0.11083506 0.17843565 0.01480393
 0.11608279 0.00079654 0.03137092 0.05022312 0.03484255 0.16945267
 0.         0.14616705 0.28482601 0.05052141 0.06403464 0.00171418
 0.17013176 0.03716009 0.09710347 0.06554103 0.04422623 0.37384337
 0.02559114 0.         0.26298144 0.01773042 0.0719417  0.18043569]","[0.00000000e+00 4.97648776e-01 2.14897454e-01 4.28546607e-01
 5.76141775e-01 0.00000000e+00 8.61116797e-02 0.00000000e+00
 9.52097476e-02 0.00000000e+00 1.55225936e-02 2.42894530e-01
 0.00000000e+00 0.00000000e+00 0.00000000e+00 3.36400449e-01
 2.82051444e-01 0.00000000e+00 5.45685515e-02 0.00000000e+00
 0.00000000e+00 3.40180174e-02 1.59725800e-01 0.00000000e+00
 2.86221057e-01 0.00000000e+00 0.00000000e+00 5.12656309e-02
 6.11278936e-02 1.46417692e-01 9.08760130e-02 2.69991279e-01
 0.00000000e+00 0.00000000e+00 0.00000000e+00 0.00000000e+00
 2.11941600e-01 3.97323042e-01 0.00000000e+00 0.00000000e+00
 4.69930679e-01 0.00000000e+00 1.67806283e-01 0.00000000e+00
 0.00000000e+00 0.00000000e+00 0.00000000e+00 1.04783379e-01
 0.00000000e+00 0.00000000e+00 0.00000000e+00 6.90623894e-02
 0.00000000e+00 0.00000000e+00 0.00000000e+00 2.73335665e-01
 2.39310101e-01 4.99212682e-01 6.88269958e-02 7.41501749e-02
 0.00000000e+00 0.00000000e+00 2.48273909e-01 0.00000000e+00
 1.54212803e-01 0.00000000e+00 8.49364791e-04 1.73401654e-01
 9.69565585e-02 0.00000000e+00 8.46785400e-03 0.00000000e+00
 2.61690348e-01 9.24904644e-02 0.00000000e+00 0.00000000e+00
 0.00000000e+00 0.00000000e+00 0.00000000e+00 0.00000000e+00
 0.00000000e+00 2.70449966e-02 0.00000000e+00 0.00000000e+00
 4.19866920e-01 0.00000000e+00 0.00000000e+00 1.66119747e-02
 4.01884109e-01 3.49093288e-01 2.76730061e-02 2.45377332e-01
 6.41191900e-02 0.00000000e+00 0.00000000e+00 0.00000000e+00
 0.00000000e+00 0.00000000e+00 5.77234387e-01 2.85563946e-01
 2.16637596e-01 2.79463530e-01 0.00000000e+00 3.78473133e-01
 0.00000000e+00 1.10853247e-01 0.00000000e+00 5.09055182e-02
 3.71048033e-01 0.00000000e+00 5.38980514e-02 0.00000000e+00
 0.00000000e+00 2.98673362e-02 0.00000000e+00 1.39492825e-01
 1.34107754e-01 4.62535471e-02 1.89879805e-01 0.00000000e+00
 2.08925471e-01 0.00000000e+00 7.20279813e-02 0.00000000e+00
 1.97788090e-01 0.00000000e+00 0.00000000e+00 0.00000000e+00
 9.27203894e-02 1.66143738e-02 0.00000000e+00 3.84447306e-01
 0.00000000e+00 9.47824866e-02 0.00000000e+00 4.52234983e-01
 0.00000000e+00 0.00000000e+00 2.62332290e-01 5.22648655e-02
 1.52525336e-01 0.00000000e+00 0.00000000e+00 1.02063760e-01
 0.00000000e+00 8.16904753e-02 0.00000000e+00 1.86691925e-01
 0.00000000e+00 0.00000000e+00 4.83830385e-02 3.72056454e-01
 0.00000000e+00 8.77596587e-02 0.00000000e+00 3.83681417e-01
 6.71743602e-02 0.00000000e+00 0.00000000e+00 6.29884154e-02
 0.00000000e+00 0.00000000e+00 0.00000000e+00 0.00000000e+00
 2.00063780e-01 1.02082387e-01 5.24417199e-02 2.54524767e-01
 0.00000000e+00 1.07741900e-01 0.00000000e+00 4.41177249e-01
 0.00000000e+00 0.00000000e+00 0.00000000e+00 0.00000000e+00
 6.38463646e-02 1.36704957e-02 0.00000000e+00 3.38435084e-01
 0.00000000e+00 2.29673281e-01 0.00000000e+00 4.83339280e-02
 0.00000000e+00 1.25626832e-01 6.78453520e-02 0.00000000e+00
 0.00000000e+00 7.08895475e-02 1.26419235e-02 5.96507527e-02
 1.23631746e-01 2.99737692e-01 0.00000000e+00 3.38306397e-01
 2.20644251e-01 1.77084371e-01 0.00000000e+00 2.26383910e-01
 0.00000000e+00 0.00000000e+00 0.00000000e+00 4.61782485e-01
 3.63788247e-01 0.00000000e+00 1.59084693e-01 0.00000000e+00
 1.32900253e-01 2.46577874e-01 1.03350088e-01 0.00000000e+00
 3.26291412e-01 1.33782938e-01 0.00000000e+00 1.19328439e-01
 3.87484580e-01 0.00000000e+00 0.00000000e+00 1.50995627e-01
 0.00000000e+00 8.31816811e-03 0.00000000e+00 0.00000000e+00
 8.17815959e-02 3.17721725e-01 1.59936428e-01 4.36726004e-01
 0.00000000e+00 0.00000000e+00 2.52399981e-01 0.00000000e+00
 1.31362870e-01 4.81152564e-01 0.00000000e+00 0.00000000e+00
 0.00000000e+00 0.00000000e+00 0.00000000e+00 4.27596718e-02
 0.00000000e+00 2.61344481e-04 0.00000000e+00 0.00000000e+00
 0.00000000e+00 0.00000000e+00 3.33987594e-01 0.00000000e+00
 2.66768157e-01 0.00000000e+00 1.49781540e-01 0.00000000e+00
 0.00000000e+00 0.00000000e+00 0.00000000e+00 4.77614135e-01
 1.26212761e-01 4.81958240e-01 0.00000000e+00 2.95409143e-01
 2.21324250e-01 0.00000000e+00 0.00000000e+00 7.22515061e-02
 0.00000000e+00 0.00000000e+00 0.00000000e+00 1.32270232e-01
 1.74857751e-01 1.84353694e-01 0.00000000e+00 0.00000000e+00
 0.00000000e+00 5.06881550e-02 2.68901080e-01 0.00000000e+00
 4.59282488e-01 0.00000000e+00 0.00000000e+00 1.58039361e-01
 0.00000000e+00 0.00000000e+00 0.00000000e+00 3.28656524e-01
 0.00000000e+00 0.00000000e+00 2.27611810e-01 0.00000000e+00
 2.99147993e-01 0.00000000e+00 6.14810586e-02 0.00000000e+00
 5.14546856e-02 3.72829616e-01 0.00000000e+00 0.00000000e+00
 3.29608977e-01 0.00000000e+00 0.00000000e+00 1.04872115e-01]"
4,4,28,Ralphapinene_4exo,CC1=C[CH][C@@H]2C[C@H]1C2(C)C.CC1=CC[C@@H]2C[C@H]1C2(C)C,Validation,123.91,71.23,123.7,136.41,136.92,10.85,CC1=C[CH][C@@H]2C[C@H]1C2(C)C.CC1=CC[C@@H]2C[C@H]1C2(C)C,"[1.97089668e-02 3.21805447e-01 2.58386899e-02 2.36461014e-01
 3.19397986e-01 3.99115756e-02 7.15050241e-03 0.00000000e+00
 8.57515167e-03 6.32005110e-02 9.81583819e-02 1.23676345e-01
 0.00000000e+00 4.40387113e-04 1.06196981e-02 1.88228354e-01
 7.88169503e-02 5.98720275e-04 8.24735388e-02 2.30017044e-02
 1.11576412e-02 1.01040386e-01 6.66393724e-04 8.08319822e-02
 9.03733727e-03 0.00000000e+00 0.00000000e+00 4.71918695e-02
 2.22221315e-02 2.07744062e-01 3.29149634e-01 4.33712341e-02
 9.38382279e-03 1.42180836e-02 0.00000000e+00 1.91707201e-02
 2.01658770e-01 2.15166491e-02 0.00000000e+00 0.00000000e+00
 2.57044882e-01 8.51629749e-02 3.64122480e-01 7.74150016e-03
 7.47129088e-04 8.40957165e-02 0.00000000e+00 2.35058665e-02
 0.00000000e+00 1.27087489e-01 5.64239104e-04 7.45024979e-02
 1.89532582e-02 8.76094624e-02 1.86774302e-02 2.75428772e-01
 1.44475058e-01 4.61377166e-02 1.48135930e-01 4.17096280e-02
 5.71078947e-03 2.36225990e-03 0.00000000e+00 0.00000000e+00
 9.42186415e-02 1.00784022e-02 1.52298182e-01 5.10649532e-02
 2.31008753e-01 4.47815051e-03 3.76331271e-03 4.79959361e-02
 1.24053501e-01 2.46391729e-01 6.27971217e-02 2.41080880e-01
 0.00000000e+00 4.59356047e-03 6.84335083e-02 0.00000000e+00
 0.00000000e+00 1.46575138e-01 0.00000000e+00 1.09606469e-03
 6.74240217e-02 1.42976036e-03 1.65270548e-02 7.44494274e-02
 1.43593118e-01 1.76737517e-01 3.29454690e-02 2.03450304e-02
 0.00000000e+00 1.33842200e-01 3.84317078e-02 5.10496438e-01
 0.00000000e+00 6.51211664e-03 9.30317491e-02 1.41796649e-01
 3.24178278e-01 5.55326529e-02 1.74866058e-02 9.60367080e-03
 1.28227562e-01 1.05343163e-01 4.46698919e-04 1.49173394e-01
 1.93001747e-01 0.00000000e+00 4.63048965e-02 4.17369716e-02
 0.00000000e+00 1.27833724e-01 0.00000000e+00 4.56121042e-02
 6.93980083e-02 1.76258036e-03 6.97344989e-02 5.77972569e-02
 1.26031011e-01 2.56458553e-03 7.54394978e-02 3.29828332e-03
 2.35295873e-02 2.29725868e-01 2.70984415e-02 0.00000000e+00
 3.33659500e-01 1.01261176e-01 0.00000000e+00 4.73170131e-02
 4.55067307e-02 8.30271747e-03 5.79158030e-03 1.61239028e-01
 0.00000000e+00 9.52558294e-02 1.92795470e-01 2.24812448e-01
 3.46546695e-02 0.00000000e+00 1.47184758e-02 2.17697714e-02
 0.00000000e+00 2.16195554e-01 5.18711321e-02 3.31192687e-02
 0.00000000e+00 1.13606475e-01 1.02389771e-02 9.00013298e-02
 0.00000000e+00 6.88686818e-02 0.00000000e+00 1.04375273e-01
 1.42549306e-01 1.54069569e-02 6.52967840e-02 8.49357694e-02
 0.00000000e+00 6.91531375e-02 0.00000000e+00 5.53450249e-02
 1.03277653e-01 7.04619810e-02 1.37181401e-01 2.02326745e-01
 4.90469225e-02 8.22533518e-02 6.87959865e-02 8.54666457e-02
 0.00000000e+00 0.00000000e+00 1.47343855e-02 1.76007841e-02
 7.77314827e-02 2.87159625e-02 2.02561426e-03 3.37045282e-01
 1.90665927e-02 3.10655206e-01 2.59930996e-04 1.39356434e-01
 0.00000000e+00 1.56762198e-01 5.22562787e-02 1.37535750e-03
 1.75953917e-02 5.78871332e-02 2.21405581e-01 6.24780729e-02
 1.10263936e-01 8.31677541e-02 9.10971314e-02 1.79404542e-01
 0.00000000e+00 1.72638252e-01 0.00000000e+00 1.58891827e-01
 3.45545113e-02 1.11278705e-01 2.25280169e-02 7.97073320e-02
 2.67392725e-01 1.91827808e-02 1.24586217e-01 5.26413275e-03
 1.11004099e-01 5.06573878e-02 1.64163932e-01 8.59769247e-03
 9.53659341e-02 2.21952781e-01 1.46878749e-01 2.03432292e-02
 3.06572050e-01 2.80004181e-03 0.00000000e+00 5.03707826e-02
 1.35944178e-02 5.89883067e-02 2.62105209e-03 2.31072437e-02
 2.72891343e-01 5.99692538e-02 5.08008152e-02 2.37223595e-01
 2.10485402e-02 2.26245075e-02 4.23641317e-02 0.00000000e+00
 1.72707617e-01 3.18056457e-02 0.00000000e+00 0.00000000e+00
 1.22206658e-03 8.63929838e-03 7.77345849e-03 5.73170297e-02
 5.28124953e-03 2.52094418e-02 9.32473131e-03 2.57642698e-02
 4.08369489e-03 3.15997712e-02 7.11672530e-02 4.53924239e-02
 1.54516771e-01 1.45175923e-02 1.37362957e-01 1.18827410e-01
 0.00000000e+00 4.72839586e-02 0.00000000e+00 2.91863326e-02
 1.59563571e-02 2.97003239e-01 6.46536350e-02 1.87577799e-01
 1.71310291e-01 5.98949865e-02 2.01234221e-01 1.21808173e-02
 5.08965179e-02 3.81386504e-02 0.00000000e+00 3.18281472e-01
 1.14711016e-01 1.51221499e-01 1.83372926e-02 3.59357558e-02
 0.00000000e+00 1.02001488e-01 2.13280600e-02 1.04437293e-02
 2.48845443e-01 0.00000000e+00 1.73913598e-01 7.95798004e-03
 8.62652734e-02 1.27735808e-01 3.50246509e-03 1.60571616e-02
 1.32772401e-01 1.30921439e-03 1.47052985e-02 0.00000000e+00
 1.53753191e-01 1.27201648e-02 1.83593631e-01 9.25492402e-03
 7.88059831e-02 3.29985559e-01 2.54081339e-01 0.00000000e+00
 1.79806337e-01 0.00000000e+00 5.50362393e-02 0.00000000e+00]","[0.02147229 0.27875423 0.08367256 0.41487858 0.27865306 0.04350799
 0.04826088 0.         0.0138338  0.02186073 0.20379584 0.13462864
 0.         0.         0.         0.07199711 0.11552998 0.07599741
 0.12936853 0.06157826 0.12039591 0.07542916 0.01449401 0.10283797
 0.042431   0.         0.02345773 0.02354733 0.11383456 0.11413752
 0.27558959 0.07730149 0.01978474 0.09124771 0.         0.0569782
 0.33893347 0.18309179 0.         0.         0.24451463 0.21706249
 0.38274482 0.00105379 0.09750653 0.08619337 0.00304418 0.0429274
 0.         0.03795226 0.01265318 0.03556994 0.18734273 0.06007284
 0.04307508 0.17312311 0.09429108 0.20706598 0.09686886 0.14857642
 0.00880404 0.01735986 0.         0.         0.10064264 0.04634417
 0.08584984 0.11792406 0.28739783 0.02881682 0.07312281 0.0738756
 0.13218307 0.10395176 0.05203933 0.26640448 0.00807597 0.10988799
 0.11903471 0.         0.00121621 0.10587928 0.00097262 0.
 0.23272984 0.00792733 0.03709943 0.11830192 0.1193051  0.13673735
 0.06355567 0.02455973 0.00482562 0.09234784 0.01137075 0.34610152
 0.         0.         0.22277969 0.11889185 0.35404807 0.0341052
 0.02077148 0.00062973 0.0663824  0.05398375 0.00655758 0.07157743
 0.15264212 0.         0.05784554 0.07023906 0.         0.09932861
 0.00223964 0.16970657 0.05509686 0.08967691 0.05730703 0.03285794
 0.04865817 0.0941828  0.09807114 0.02783512 0.08210413 0.1953973
 0.02850399 0.0024949  0.10650558 0.07023283 0.00056263 0.04546249
 0.04277111 0.00795252 0.04656096 0.18651392 0.00250553 0.13650565
 0.24518444 0.09266765 0.         0.01957386 0.         0.02379476
 0.05391594 0.21872292 0.0198197  0.02500235 0.0064631  0.04386899
 0.11587586 0.15055189 0.         0.13878022 0.         0.0689586
 0.08051564 0.06948594 0.01090989 0.08938973 0.01355181 0.11916475
 0.03377033 0.02480483 0.0859497  0.09158707 0.16587645 0.20525734
 0.01873244 0.07684007 0.12071627 0.04967595 0.         0.00583314
 0.04340959 0.04554757 0.09820844 0.06519983 0.05420919 0.33238232
 0.04820914 0.18423519 0.00855009 0.0686124  0.         0.24248341
 0.03879848 0.04294857 0.02079116 0.0943765  0.09894192 0.07846524
 0.13748652 0.05911198 0.07713195 0.21385425 0.01658347 0.08634353
 0.         0.18384628 0.06638828 0.02906972 0.07863369 0.04759653
 0.28180543 0.03723352 0.08328483 0.00787069 0.11693074 0.07421645
 0.06250134 0.02054817 0.05486352 0.19123989 0.08854257 0.08418289
 0.32620934 0.00293518 0.04378328 0.05488037 0.00312966 0.05574341
 0.00902577 0.00403548 0.31760171 0.08737449 0.18535243 0.26279676
 0.02913347 0.01969437 0.06843081 0.         0.07693158 0.08970036
 0.         0.         0.06981727 0.00539932 0.01130632 0.08717913
 0.01117139 0.05301025 0.07293884 0.04021202 0.         0.06028983
 0.2053299  0.03620536 0.09262751 0.06584503 0.09625934 0.09383751
 0.01334806 0.00310877 0.         0.05368711 0.04585303 0.29310116
 0.02191197 0.20813903 0.1629965  0.02931578 0.14266889 0.02296726
 0.01264585 0.11471975 0.00104674 0.23285747 0.05742294 0.10037887
 0.02354646 0.         0.0121906  0.14865768 0.0624671  0.04117621
 0.23854552 0.00107089 0.16149077 0.02674156 0.04524966 0.18851916
 0.         0.11945146 0.21661764 0.01186617 0.01660701 0.
 0.23872273 0.1064782  0.14802717 0.01956005 0.08170419 0.3748115
 0.11149815 0.         0.24112362 0.01076619 0.08241821 0.05483162]","[0.         0.67240834 0.10000326 0.49175692 0.55031765 0.
 0.00380823 0.         0.         0.         0.32955611 0.16936032
 0.         0.         0.         0.2315037  0.24008176 0.
 0.         0.         0.         0.29938543 0.1235348  0.12702192
 0.04170407 0.         0.         0.         0.         0.46807203
 0.26267332 0.24401729 0.         0.         0.         0.
 0.3181107  0.08389334 0.         0.         0.14123093 0.
 0.14206496 0.         0.         0.         0.         0.
 0.         0.14904302 0.         0.27150473 0.         0.
 0.         0.39678937 0.30676174 0.19747873 0.27643189 0.09553488
 0.         0.         0.         0.         0.08601847 0.
 0.23546654 0.         0.26303709 0.15788719 0.18566459 0.
 0.22515476 0.06689838 0.         0.16335554 0.         0.
 0.         0.         0.         0.09443147 0.         0.
 0.26906955 0.         0.         0.11641214 0.28930002 0.20274447
 0.1912922  0.         0.         0.         0.         0.5656684
 0.         0.         0.17137879 0.29723281 0.09155615 0.17538118
 0.         0.01574326 0.         0.07671571 0.         0.15679488
 0.1944707  0.         0.34808576 0.1309009  0.         0.06482054
 0.         0.         0.         0.         0.16263115 0.03762838
 0.25687131 0.         0.         0.         0.         0.0592858
 0.         0.         0.3046675  0.29886144 0.         0.09873426
 0.00764755 0.         0.         0.13617651 0.         0.30864608
 0.28907239 0.11481303 0.         0.         0.         0.
 0.         0.33314192 0.         0.13889997 0.         0.1804799
 0.20513241 0.2355386  0.         0.01183544 0.         0.46568882
 0.19264975 0.         0.         0.07365314 0.         0.
 0.         0.         0.         0.06821302 0.17695521 0.48142165
 0.         0.         0.11932781 0.24130574 0.         0.14582855
 0.         0.         0.         0.         0.         0.46347624
 0.35335261 0.54560745 0.         0.12332868 0.         0.01496371
 0.10433724 0.         0.03142567 0.07956147 0.37918484 0.18987627
 0.11297538 0.24733809 0.         0.02756484 0.         0.1935944
 0.         0.1750838  0.         0.         0.         0.33678636
 0.26025277 0.         0.05539539 0.04393352 0.31803942 0.
 0.05174479 0.         0.14012113 0.05103227 0.         0.
 0.49525574 0.         0.         0.         0.         0.35470998
 0.         0.         0.10301426 0.17855439 0.14101456 0.65553433
 0.         0.         0.03188629 0.         0.         0.42883539
 0.         0.         0.         0.         0.         0.12839998
 0.         0.         0.         0.         0.         0.
 0.18895158 0.         0.33875915 0.         0.20396861 0.4061875
 0.         0.00378789 0.         0.32390019 0.         0.30273536
 0.         0.47151306 0.08038507 0.02214731 0.3347325  0.
 0.         0.         0.         0.31469566 0.09528534 0.3855592
 0.         0.         0.         0.02802102 0.07835814 0.
 0.79105103 0.         0.2488002  0.17332081 0.         0.
 0.         0.1887536  0.         0.         0.         0.
 0.55207396 0.         0.19971608 0.         0.         0.62151736
 0.         0.         0.39236256 0.         0.04318646 0.        ]"
5,5,29,Ralphapinene_2methyl,[CH2]C1=CC[C@@H]2C[C@H]1C2(C)C.CC1=CC[C@@H]2C[C@H]1C2(C)C,Validation,128.2,74.63,128.17,141.46,141.74,11.07,[CH2]C1=CC[C@@H]2C[C@H]1C2(C)C.CC1=CC[C@@H]2C[C@H]1C2(C)C,"[1.97089668e-02 3.21805447e-01 2.58386899e-02 2.36461014e-01
 3.19397986e-01 3.99115756e-02 7.15050241e-03 0.00000000e+00
 8.57515167e-03 6.32005110e-02 9.81583819e-02 1.23676345e-01
 0.00000000e+00 4.40387113e-04 1.06196981e-02 1.88228354e-01
 7.88169503e-02 5.98720275e-04 8.24735388e-02 2.30017044e-02
 1.11576412e-02 1.01040386e-01 6.66393724e-04 8.08319822e-02
 9.03733727e-03 0.00000000e+00 0.00000000e+00 4.71918695e-02
 2.22221315e-02 2.07744062e-01 3.29149634e-01 4.33712341e-02
 9.38382279e-03 1.42180836e-02 0.00000000e+00 1.91707201e-02
 2.01658770e-01 2.15166491e-02 0.00000000e+00 0.00000000e+00
 2.57044882e-01 8.51629749e-02 3.64122480e-01 7.74150016e-03
 7.47129088e-04 8.40957165e-02 0.00000000e+00 2.35058665e-02
 0.00000000e+00 1.27087489e-01 5.64239104e-04 7.45024979e-02
 1.89532582e-02 8.76094624e-02 1.86774302e-02 2.75428772e-01
 1.44475058e-01 4.61377166e-02 1.48135930e-01 4.17096280e-02
 5.71078947e-03 2.36225990e-03 0.00000000e+00 0.00000000e+00
 9.42186415e-02 1.00784022e-02 1.52298182e-01 5.10649532e-02
 2.31008753e-01 4.47815051e-03 3.76331271e-03 4.79959361e-02
 1.24053501e-01 2.46391729e-01 6.27971217e-02 2.41080880e-01
 0.00000000e+00 4.59356047e-03 6.84335083e-02 0.00000000e+00
 0.00000000e+00 1.46575138e-01 0.00000000e+00 1.09606469e-03
 6.74240217e-02 1.42976036e-03 1.65270548e-02 7.44494274e-02
 1.43593118e-01 1.76737517e-01 3.29454690e-02 2.03450304e-02
 0.00000000e+00 1.33842200e-01 3.84317078e-02 5.10496438e-01
 0.00000000e+00 6.51211664e-03 9.30317491e-02 1.41796649e-01
 3.24178278e-01 5.55326529e-02 1.74866058e-02 9.60367080e-03
 1.28227562e-01 1.05343163e-01 4.46698919e-04 1.49173394e-01
 1.93001747e-01 0.00000000e+00 4.63048965e-02 4.17369716e-02
 0.00000000e+00 1.27833724e-01 0.00000000e+00 4.56121042e-02
 6.93980083e-02 1.76258036e-03 6.97344989e-02 5.77972569e-02
 1.26031011e-01 2.56458553e-03 7.54394978e-02 3.29828332e-03
 2.35295873e-02 2.29725868e-01 2.70984415e-02 0.00000000e+00
 3.33659500e-01 1.01261176e-01 0.00000000e+00 4.73170131e-02
 4.55067307e-02 8.30271747e-03 5.79158030e-03 1.61239028e-01
 0.00000000e+00 9.52558294e-02 1.92795470e-01 2.24812448e-01
 3.46546695e-02 0.00000000e+00 1.47184758e-02 2.17697714e-02
 0.00000000e+00 2.16195554e-01 5.18711321e-02 3.31192687e-02
 0.00000000e+00 1.13606475e-01 1.02389771e-02 9.00013298e-02
 0.00000000e+00 6.88686818e-02 0.00000000e+00 1.04375273e-01
 1.42549306e-01 1.54069569e-02 6.52967840e-02 8.49357694e-02
 0.00000000e+00 6.91531375e-02 0.00000000e+00 5.53450249e-02
 1.03277653e-01 7.04619810e-02 1.37181401e-01 2.02326745e-01
 4.90469225e-02 8.22533518e-02 6.87959865e-02 8.54666457e-02
 0.00000000e+00 0.00000000e+00 1.47343855e-02 1.76007841e-02
 7.77314827e-02 2.87159625e-02 2.02561426e-03 3.37045282e-01
 1.90665927e-02 3.10655206e-01 2.59930996e-04 1.39356434e-01
 0.00000000e+00 1.56762198e-01 5.22562787e-02 1.37535750e-03
 1.75953917e-02 5.78871332e-02 2.21405581e-01 6.24780729e-02
 1.10263936e-01 8.31677541e-02 9.10971314e-02 1.79404542e-01
 0.00000000e+00 1.72638252e-01 0.00000000e+00 1.58891827e-01
 3.45545113e-02 1.11278705e-01 2.25280169e-02 7.97073320e-02
 2.67392725e-01 1.91827808e-02 1.24586217e-01 5.26413275e-03
 1.11004099e-01 5.06573878e-02 1.64163932e-01 8.59769247e-03
 9.53659341e-02 2.21952781e-01 1.46878749e-01 2.03432292e-02
 3.06572050e-01 2.80004181e-03 0.00000000e+00 5.03707826e-02
 1.35944178e-02 5.89883067e-02 2.62105209e-03 2.31072437e-02
 2.72891343e-01 5.99692538e-02 5.08008152e-02 2.37223595e-01
 2.10485402e-02 2.26245075e-02 4.23641317e-02 0.00000000e+00
 1.72707617e-01 3.18056457e-02 0.00000000e+00 0.00000000e+00
 1.22206658e-03 8.63929838e-03 7.77345849e-03 5.73170297e-02
 5.28124953e-03 2.52094418e-02 9.32473131e-03 2.57642698e-02
 4.08369489e-03 3.15997712e-02 7.11672530e-02 4.53924239e-02
 1.54516771e-01 1.45175923e-02 1.37362957e-01 1.18827410e-01
 0.00000000e+00 4.72839586e-02 0.00000000e+00 2.91863326e-02
 1.59563571e-02 2.97003239e-01 6.46536350e-02 1.87577799e-01
 1.71310291e-01 5.98949865e-02 2.01234221e-01 1.21808173e-02
 5.08965179e-02 3.81386504e-02 0.00000000e+00 3.18281472e-01
 1.14711016e-01 1.51221499e-01 1.83372926e-02 3.59357558e-02
 0.00000000e+00 1.02001488e-01 2.13280600e-02 1.04437293e-02
 2.48845443e-01 0.00000000e+00 1.73913598e-01 7.95798004e-03
 8.62652734e-02 1.27735808e-01 3.50246509e-03 1.60571616e-02
 1.32772401e-01 1.30921439e-03 1.47052985e-02 0.00000000e+00
 1.53753191e-01 1.27201648e-02 1.83593631e-01 9.25492402e-03
 7.88059831e-02 3.29985559e-01 2.54081339e-01 0.00000000e+00
 1.79806337e-01 0.00000000e+00 5.50362393e-02 0.00000000e+00]","[9.68573987e-03 2.86012441e-01 9.85009149e-02 3.83638293e-01
 3.26883346e-01 4.65114526e-02 3.99817601e-02 0.00000000e+00
 3.08744963e-02 3.16037461e-02 1.68775663e-01 1.43996939e-01
 0.00000000e+00 1.71162275e-04 5.58642787e-04 1.02464505e-01
 1.01472326e-01 1.08452309e-02 1.19341992e-01 4.85820621e-02
 1.22357920e-01 9.44406390e-02 2.73983311e-02 7.14017227e-02
 6.63047358e-02 0.00000000e+00 4.87312302e-02 4.92969491e-02
 6.35608211e-02 1.49448007e-01 2.81195790e-01 8.10381025e-02
 2.18674028e-03 6.31207153e-02 0.00000000e+00 5.16866185e-02
 2.93003112e-01 1.00363575e-01 0.00000000e+00 0.00000000e+00
 2.36041367e-01 1.87084898e-01 4.03860092e-01 0.00000000e+00
 5.53536676e-02 5.54965213e-02 0.00000000e+00 5.41682169e-02
 0.00000000e+00 2.68809367e-02 7.95048662e-03 4.93640415e-02
 1.49631366e-01 5.51321544e-02 4.06634882e-02 1.66823655e-01
 1.47894859e-01 1.70271218e-01 1.12982213e-01 1.07038669e-01
 0.00000000e+00 2.73728394e-03 7.32952170e-03 0.00000000e+00
 1.34453610e-01 2.05124891e-03 8.80736038e-02 8.27290863e-02
 2.73069710e-01 4.78752516e-02 6.90972805e-02 5.67573123e-02
 1.46899045e-01 1.72902942e-01 4.55976576e-02 2.78434485e-01
 2.39447574e-03 6.47771657e-02 8.11243802e-02 0.00000000e+00
 0.00000000e+00 1.43666089e-01 0.00000000e+00 7.36388005e-03
 2.05498725e-01 7.36473408e-03 1.49739794e-02 1.38022363e-01
 1.00716807e-01 1.50406376e-01 4.65251878e-02 2.66172998e-02
 5.52761322e-03 7.05963150e-02 9.53378156e-03 3.49455267e-01
 0.00000000e+00 1.09884404e-02 1.62965402e-01 1.30293697e-01
 3.47536236e-01 5.02953045e-02 2.59817801e-02 0.00000000e+00
 7.34954402e-02 5.34056760e-02 4.94752452e-02 8.82825479e-02
 1.77738622e-01 0.00000000e+00 2.74485387e-02 7.08341599e-02
 0.00000000e+00 9.56061557e-02 3.87225556e-03 1.00821599e-01
 4.85316440e-02 2.68975962e-02 6.23654835e-02 4.69718203e-02
 6.58689886e-02 6.11849688e-02 7.68278614e-02 6.77957572e-03
 4.84598763e-02 1.90639332e-01 2.54547335e-02 2.11194847e-02
 1.82352349e-01 5.64872622e-02 8.98407307e-04 4.69223447e-02
 4.44244854e-02 1.53191602e-02 4.61022705e-02 1.77237824e-01
 1.98764466e-02 1.26352549e-01 2.55228966e-01 8.94719288e-02
 2.93201837e-03 5.03543345e-03 0.00000000e+00 3.98837365e-02
 1.51733588e-02 1.84440970e-01 7.73938373e-02 3.40657756e-02
 9.88801010e-03 6.43002242e-02 8.09789449e-02 1.56308860e-01
 8.93322285e-04 8.25850070e-02 0.00000000e+00 7.22642913e-02
 7.87989721e-02 1.74281523e-02 1.75358728e-02 9.34934020e-02
 6.92681130e-03 9.96140838e-02 7.75484145e-02 3.53035145e-02
 5.22680171e-02 6.50020465e-02 1.43457621e-01 1.49986893e-01
 3.02691497e-02 6.45681694e-02 1.08982638e-01 7.89838433e-02
 0.00000000e+00 3.82833253e-03 5.86445741e-02 4.19907272e-02
 6.75259978e-02 9.12780240e-02 3.23344357e-02 3.02202135e-01
 5.78931272e-02 2.37202942e-01 1.69197209e-02 7.33784735e-02
 0.00000000e+00 1.77953407e-01 4.04047109e-02 6.13422692e-03
 2.33657621e-02 9.72769558e-02 1.56822145e-01 8.86822864e-02
 1.65692136e-01 8.24557021e-02 9.00831893e-02 1.77178696e-01
 5.00280075e-02 1.04363576e-01 0.00000000e+00 1.42834485e-01
 8.50973278e-02 3.80077623e-02 8.15624520e-02 7.91301131e-02
 3.00098419e-01 3.16985436e-02 9.85240713e-02 1.01120537e-02
 1.16444878e-01 7.17226043e-02 9.98807251e-02 0.00000000e+00
 6.61014616e-02 2.10706159e-01 9.46735814e-02 3.41503769e-02
 2.85381317e-01 6.57710480e-04 5.64386994e-02 9.41365510e-02
 1.77854933e-02 6.87029064e-02 1.74248547e-04 1.09125050e-02
 3.24073106e-01 4.50145528e-02 1.43442199e-01 2.42761403e-01
 1.80344470e-02 1.71867460e-02 6.47711158e-02 3.40231471e-02
 1.45787254e-01 1.01080209e-01 9.62813618e-04 0.00000000e+00
 2.13474929e-02 7.36255758e-03 1.73654631e-02 6.72269762e-02
 5.71519136e-03 4.42109182e-02 3.61037515e-02 5.87175079e-02
 4.82486654e-03 5.94951995e-02 1.44482210e-01 2.25816872e-02
 1.35094166e-01 2.89325919e-02 1.07036270e-01 7.61496872e-02
 2.97614876e-02 4.81694099e-03 0.00000000e+00 7.20073506e-02
 2.74633244e-02 2.83619493e-01 2.65614595e-02 2.19896004e-01
 2.16146097e-01 5.07664233e-02 1.35411397e-01 1.84860174e-02
 1.53392442e-02 9.91545171e-02 0.00000000e+00 2.25131810e-01
 4.99122366e-02 1.35083392e-01 1.62630416e-02 1.81755126e-02
 2.32097763e-03 1.57185063e-01 5.14496975e-02 1.36503018e-02
 2.04607368e-01 7.20696058e-03 1.25143871e-01 2.46932507e-02
 5.17855808e-02 1.47369966e-01 0.00000000e+00 1.19989887e-01
 1.43780261e-01 3.66041362e-02 2.68509928e-02 0.00000000e+00
 1.86033934e-01 3.61193679e-02 1.26319155e-01 2.32374780e-02
 1.06493518e-01 3.69899422e-01 1.32142708e-01 0.00000000e+00
 2.00611174e-01 0.00000000e+00 3.33391838e-02 3.17596681e-02]","[0.00000000e+00 1.13636188e-01 9.89850163e-02 3.21911246e-01
 6.75008595e-01 0.00000000e+00 2.67318010e-01 0.00000000e+00
 1.64196089e-01 0.00000000e+00 2.36990854e-01 6.93324208e-02
 0.00000000e+00 4.27905703e-03 0.00000000e+00 1.54796347e-01
 3.49908084e-01 0.00000000e+00 0.00000000e+00 0.00000000e+00
 1.08662404e-01 1.04539424e-01 0.00000000e+00 1.12390645e-01
 4.45915312e-02 0.00000000e+00 0.00000000e+00 1.37604654e-01
 2.17585638e-01 3.75803202e-01 0.00000000e+00 3.34190249e-01
 5.46685085e-02 1.52171347e-02 0.00000000e+00 0.00000000e+00
 0.00000000e+00 1.71163216e-01 0.00000000e+00 0.00000000e+00
 2.80763507e-01 0.00000000e+00 1.33560533e-02 0.00000000e+00
 0.00000000e+00 1.71675861e-01 0.00000000e+00 0.00000000e+00
 0.00000000e+00 6.12840876e-02 9.13151503e-02 5.63713729e-01
 0.00000000e+00 0.00000000e+00 0.00000000e+00 2.22405553e-01
 1.55127421e-01 1.06976144e-01 4.94367748e-01 9.26376134e-02
 0.00000000e+00 0.00000000e+00 1.83238044e-01 0.00000000e+00
 1.39199793e-01 0.00000000e+00 1.00932885e-02 0.00000000e+00
 1.72569647e-01 2.48776466e-01 7.08767921e-02 0.00000000e+00
 3.35875660e-01 7.49919862e-02 0.00000000e+00 0.00000000e+00
 1.68490820e-02 0.00000000e+00 0.00000000e+00 0.00000000e+00
 0.00000000e+00 2.35503495e-01 0.00000000e+00 0.00000000e+00
 0.00000000e+00 1.65484147e-04 0.00000000e+00 0.00000000e+00
 1.53644625e-02 9.79030877e-02 2.24556684e-01 0.00000000e+00
 0.00000000e+00 0.00000000e+00 0.00000000e+00 1.61492199e-01
 0.00000000e+00 0.00000000e+00 3.20604712e-01 2.78588355e-01
 1.03037134e-01 2.18931943e-01 0.00000000e+00 0.00000000e+00
 0.00000000e+00 0.00000000e+00 0.00000000e+00 0.00000000e+00
 8.65831897e-02 0.00000000e+00 0.00000000e+00 1.58808783e-01
 0.00000000e+00 4.89602610e-02 0.00000000e+00 1.94988307e-02
 0.00000000e+00 1.05952069e-01 2.24483069e-02 2.02614099e-01
 7.62126222e-02 0.00000000e+00 0.00000000e+00 0.00000000e+00
 1.68632537e-01 3.16367969e-02 8.49264190e-02 0.00000000e+00
 1.01384059e-01 2.96951473e-01 0.00000000e+00 1.06768355e-01
 1.92942500e-01 1.70434713e-01 0.00000000e+00 4.30714160e-01
 0.00000000e+00 0.00000000e+00 2.44900569e-01 1.04267403e-01
 0.00000000e+00 0.00000000e+00 0.00000000e+00 5.43755405e-02
 0.00000000e+00 1.69653654e-01 0.00000000e+00 3.02208781e-01
 0.00000000e+00 1.98417649e-01 4.26409423e-01 2.97198240e-02
 0.00000000e+00 3.69175337e-04 0.00000000e+00 1.86956376e-01
 1.01124533e-01 0.00000000e+00 0.00000000e+00 1.11039199e-01
 0.00000000e+00 0.00000000e+00 0.00000000e+00 0.00000000e+00
 8.64686910e-03 0.00000000e+00 2.72150449e-02 0.00000000e+00
 0.00000000e+00 0.00000000e+00 1.20832492e-02 1.21501677e-01
 0.00000000e+00 9.57083181e-02 0.00000000e+00 0.00000000e+00
 0.00000000e+00 0.00000000e+00 0.00000000e+00 1.57127813e-01
 3.29192311e-01 2.36616135e-01 0.00000000e+00 0.00000000e+00
 0.00000000e+00 0.00000000e+00 3.84860523e-02 3.46244201e-02
 0.00000000e+00 2.63082594e-01 4.41505462e-01 0.00000000e+00
 0.00000000e+00 3.22430521e-01 1.50419429e-01 2.12585405e-01
 2.57630289e-01 6.37501031e-02 0.00000000e+00 1.53503925e-01
 0.00000000e+00 0.00000000e+00 0.00000000e+00 6.19430721e-01
 0.00000000e+00 0.00000000e+00 0.00000000e+00 1.92052022e-01
 3.17861617e-01 5.67030832e-02 0.00000000e+00 0.00000000e+00
 6.19024504e-04 2.84738600e-01 0.00000000e+00 7.83931166e-02
 4.51999098e-01 1.08971903e-02 0.00000000e+00 2.47651890e-01
 2.85133839e-01 3.50359619e-01 0.00000000e+00 0.00000000e+00
 1.87560409e-01 1.57065541e-01 1.27580047e-01 3.34182948e-01
 2.10595652e-01 0.00000000e+00 9.11758561e-03 2.54284501e-01
 0.00000000e+00 3.08358371e-01 0.00000000e+00 0.00000000e+00
 0.00000000e+00 0.00000000e+00 0.00000000e+00 1.47322252e-01
 1.03399366e-01 1.38243690e-01 0.00000000e+00 4.66408990e-02
 5.20731956e-02 8.28999504e-02 1.16676658e-01 7.07805678e-02
 2.39772856e-01 0.00000000e+00 2.60799080e-01 2.35520471e-02
 0.00000000e+00 0.00000000e+00 0.00000000e+00 1.92735419e-01
 1.32907271e-01 2.36814886e-01 0.00000000e+00 4.00119513e-01
 1.04784369e-01 9.08830091e-02 1.70536041e-01 8.34906772e-02
 0.00000000e+00 0.00000000e+00 0.00000000e+00 2.02736616e-01
 0.00000000e+00 5.51156402e-01 0.00000000e+00 0.00000000e+00
 0.00000000e+00 0.00000000e+00 3.13015394e-02 0.00000000e+00
 4.35820371e-01 9.77874026e-02 9.47233513e-02 2.78174039e-02
 0.00000000e+00 0.00000000e+00 0.00000000e+00 0.00000000e+00
 0.00000000e+00 0.00000000e+00 8.93054530e-05 0.00000000e+00
 3.68187159e-01 1.05856329e-01 1.76559344e-01 0.00000000e+00
 0.00000000e+00 4.23525602e-01 0.00000000e+00 0.00000000e+00
 1.90039590e-01 0.00000000e+00 1.13025144e-01 9.40519199e-02]"
