,rxn_id,dG_rxn,dG_forward,dG_reverse,fr_dG_rxn,fr_dG_forward,fr_dG_reverse,s_prod0,q_reac1,s_reac1,qH_reac0,qH_prod1,q_reac0,q_prod1,q_prod0,BV_reac1,BV_prod0
3,419,-31.390865904887022,75.50343409511298,106.8943,-34.695737669241936,121.31386233075807,156.0096,0.69917095,-0.326,1.025,0.33629525,0.329,-0.32717746,-0.657,-0.20705561,0.0,0.23245152064067337
4,420,-31.96982345359733,74.92447654640267,106.8943,-30.268699954811183,125.74090004518882,156.0096,0.56230384,-0.326,1.025,0.1420502,0.329,-0.090792745,-0.657,-0.024251241,0.0,0.4652860901476481
5,422,-20.74311675711793,86.15118324288207,106.8943,-27.875801869237733,128.13379813076227,156.0096,0.8574196,-0.326,1.025,0.13981934,0.329,-0.07890052,-0.657,-0.06179528,0.0,0.4537905488442643
6,424,-22.09983951000079,84.79446048999921,106.8943,-28.982340790189028,127.02725920981098,156.0096,0.8613839,-0.326,1.025,0.1380214,0.329,-0.07083333,-0.657,-0.07359336,0.0,0.42641003108979586
7,426,-23.16405023712433,83.73024976287567,106.8943,-33.66639142855445,122.34320857144556,156.0096,0.8090958,-0.326,1.025,0.13241182,0.329,0.024181988,-0.657,0.030733949,0.0,0.5811527268731177
8,462,-26.24339370597184,80.65090629402816,106.8943,-30.653745324254487,125.35585467574552,156.0096,0.86312824,-0.326,1.025,0.1319095,0.329,-0.052640412,-0.657,-0.09639863,0.0,0.40806097200991703
9,463,-24.972062113755996,81.922237886244,106.8943,-30.801945970038048,125.20765402996196,156.0096,0.8488649,-0.326,1.025,0.13839102,0.329,-0.08206698,-0.657,-0.093724936,0.0,0.4505685558736548
10,498,-22.176031398780395,84.7182686012196,106.8943,-29.987281183463153,126.02231881653685,156.0096,0.8253455,-0.326,1.025,0.13936825,0.329,-0.03622228,-0.657,-0.054869458,0.0,0.445045198391701
14,749,-20.228500211689877,86.66579978831012,106.8943,-29.326307233300753,126.68329276669925,156.0096,0.8424854,-0.326,1.025,0.12514588,0.329,-0.21923657,-0.657,-0.21942487,0.0,0.13490568401394945
15,751,-22.13052618601894,84.76377381398106,106.8943,-28.00749294178027,128.00210705821974,156.0096,0.8555045,-0.326,1.025,0.110377096,0.329,-0.04650768,-0.657,-0.058775894,0.0,0.29511562700581695
16,753,-22.116773027396377,84.77752697260362,106.8943,-29.186052363408308,126.8235476365917,156.0096,0.8826405,-0.326,1.025,0.11836724,0.329,-0.07973133,-0.657,-0.08633278,0.0,0.34742511212976646
18,757,-18.6038785072424,88.2904214927576,106.8943,-22.76956457181899,133.24003542818102,156.0096,0.9859779,-0.326,1.025,0.13365433,0.329,-0.23578145,-0.657,-0.24804147,0.0,0.3770266768981154
19,759,-23.474391833743056,83.41990816625695,106.8943,-33.67361117923673,122.33598882076328,156.0096,0.8446165,-0.326,1.025,0.095223024,0.329,0.05870574,-0.657,0.08979476,0.0,0.4269132196668908
21,763,-22.27825195795458,84.61604804204542,106.8943,-29.722238480720634,126.28736151927937,156.0096,0.9065589,-0.326,1.025,0.115048796,0.329,-0.08944343,-0.657,-0.087535664,0.0,0.35329691792799545
22,765,-18.859655496102746,88.03464450389725,106.8943,-22.585565183040956,133.42403481695905,156.0096,0.9859467,-0.326,1.025,0.13634986,0.329,-0.24904934,-0.657,-0.29219094,0.0,0.43577499041998813
24,769,-18.456852119759162,88.43744788024084,106.8943,-22.795080457774816,133.2145195422252,156.0096,0.9882877,-0.326,1.025,0.12857318,0.329,-0.24064274,-0.657,-0.2376306,0.0,0.4269733900745447
25,771,-23.549006163607473,83.34529383639253,106.8943,-33.19765965337393,122.81194034662607,156.0096,0.8535468,-0.326,1.025,0.11096985,0.329,0.058272436,-0.657,0.12896177,0.0,0.4791444620387304
26,773,-22.249960016369684,84.64433998363032,106.8943,-31.06544661923779,124.94415338076222,156.0096,0.88761085,-0.326,1.025,0.12738803,0.329,-0.08258196,-0.657,-0.09584873,0.0,0.4025063397662348
27,775,-20.96108491731104,85.93321508268896,106.8943,-26.598966535299525,129.41063346470048,156.0096,0.9098681,-0.326,1.025,0.119622625,0.329,-0.11597419,-0.657,-0.10812901,0.0,0.5047512316817709
28,777,-15.565073043985393,91.32922695601461,106.8943,-18.560568428169887,137.44903157183012,156.0096,1.0423353,-0.326,1.025,0.14211123,0.329,-0.4342635,-0.657,-0.41802627,0.0,0.3227069506162822
30,781,-22.739870937480006,84.15442906252,106.8943,-31.539892092807847,124.46970790719216,156.0096,0.90857935,-0.326,1.025,0.13486248,0.329,-0.13793594,-0.657,-0.08997698,0.0,0.43816986646890044
31,783,-20.87567587764299,86.01862412235701,106.8943,-26.719056205021218,129.2905437949788,156.0096,0.9420154,-0.326,1.025,0.12190796,0.329,-0.111176945,-0.657,-0.09474336,0.0,0.5626751061834194
32,785,-20.03127379611361,86.86302620388639,106.8943,-23.749611600752303,132.2599883992477,156.0096,1.0236865,-0.326,1.025,0.13857304,0.329,-0.25010747,-0.657,-0.26344317,0.0,0.47378619062047167
33,787,-16.562134450031166,90.33216554996883,106.8943,-19.48090438383113,136.52869561616887,156.0096,1.0735469,-0.326,1.025,0.1449316,0.329,-0.45034972,-0.657,-0.43925408,0.0,0.31110633449065916
34,789,-22.875801827259778,84.01849817274022,106.8943,-30.06196877674597,125.94763122325404,156.0096,0.9240892,-0.326,1.025,0.11940579,0.329,-0.11860294,-0.657,-0.08539576,0.0,0.3821089541288996
35,791,-22.0522929360031,84.8420070639969,106.8943,-26.83167111520629,129.17792888479372,156.0096,0.978038,-0.326,1.025,0.12670362,0.329,-0.10527962,-0.657,-0.10081095,0.0,0.5424394864587352
36,793,-18.50029704057738,88.39400295942262,106.8943,-22.988689180205597,133.0209108197944,156.0096,1.0110127,-0.326,1.025,0.14754486,0.329,-0.24207538,-0.657,-0.30246076,0.0,0.48900253500491797
37,797,-18.681443923984162,88.21285607601584,106.8943,-24.031912402725965,131.97768759727404,156.0096,1.0028996,-0.326,1.025,0.13957158,0.329,-0.26929176,-0.657,-0.2311122,0.0,0.4870489681831093
39,801,-16.28108707076146,90.61321292923854,106.8943,-19.17636680975815,136.83323319024186,156.0096,1.065295,-0.326,1.025,0.14850342,0.329,-0.4611325,-0.657,-0.45193005,0.0,0.3484022431931561
40,803,-20.84165108696031,86.05264891303969,106.8943,-27.265505678695092,128.7440943213049,156.0096,0.9407848,-0.326,1.025,0.12290915,0.329,-0.085998334,-0.657,-0.091880925,0.0,0.5586432755969678
41,805,-23.58096330040533,83.31333669959467,106.8943,-33.661706765894834,122.34789323410517,156.0096,0.86571884,-0.326,1.025,0.12318958,0.329,0.078026846,-0.657,0.11542911,0.0,0.5338968076317299
42,807,-17.722748750755656,89.17155124924435,106.8943,-23.739579252411772,132.27002074758823,156.0096,1.0259472,-0.326,1.025,0.14577857,0.329,-0.30250877,-0.657,-0.27503088,0.0,0.4677840165364556
43,809,-23.010866111342153,83.88343388865785,106.8943,-32.01051993382306,123.99908006617694,156.0096,0.91513836,-0.326,1.025,0.12745145,0.329,0.021106465,-0.657,0.09380198,0.0,0.5151982754286514
44,811,-23.69875226266049,83.19554773733951,106.8943,-25.748180494531994,130.261419505468,156.0096,0.84662116,-0.326,1.025,0.1727072,0.329,-0.38227794,-0.657,-0.22234863,0.0,0.5690285740285501
45,813,-14.270955190798631,92.62334480920137,106.8943,-17.943549004184888,138.06605099581512,156.0096,1.0293251,-0.326,1.025,0.1482153,0.329,-0.4236234,-0.657,-0.42361394,0.0,0.34324996215530484
46,815,-21.212729753519554,85.68157024648045,106.8943,-27.22125414220497,128.78834585779504,156.0096,0.8603058,-0.326,1.025,0.122736916,0.329,-0.07713377,-0.657,-0.08147087,0.0,0.3261958960173593
47,817,-22.447234810419346,84.44706518958066,106.8943,-32.69004652816547,123.31955347183454,156.0096,0.8400218,-0.326,1.025,0.103409745,0.329,0.06550956,-0.657,0.07597236,0.0,0.4581327926104284
50,824,-26.89194395159305,80.00235604840695,106.8943,-39.86199955081841,116.1476004491816,156.0096,0.35669047,-0.326,1.025,0.10518043,0.329,0.02303193,-0.657,-0.02268984,0.0,0.13170996184319184
51,825,-27.31528819671827,79.57901180328173,106.8943,-39.47402082952402,116.53557917047598,156.0096,0.5574238,-0.326,1.025,0.09201619,0.329,0.13366108,-0.657,0.04666233,0.0,0.28533183159873443
54,830,-27.31415340600529,79.58014659399471,106.8943,-39.359226343660296,116.65037365633971,156.0096,0.5998744,-0.326,1.025,0.102315605,0.329,0.115696035,-0.657,-0.0048722136,0.0,0.33785841453018656
56,833,-26.940932414439217,79.95336758556078,106.8943,-39.05109014463683,116.95850985536318,156.0096,0.6196575,-0.326,1.025,0.10554112,0.329,0.11458516,-0.657,-0.011723004,0.0,0.3576684252373938
60,841,-26.882375005066507,80.0119249949335,106.8943,-38.78598893986302,117.22361106013699,156.0096,0.63280463,-0.326,1.025,0.10383851,0.329,0.11208115,-0.657,-0.0005598578,0.0,0.3559388611040756
63,846,-24.473590306265933,82.42070969373407,106.8943,-37.481636650488355,118.52796334951165,156.0096,0.57017744,-0.326,1.025,0.09012973,0.329,0.10748997,-0.657,0.010121201,0.0,0.3298979691462527
65,852,-24.134271055787167,82.76002894421283,106.8943,-37.97540129485354,118.03419870514647,156.0096,0.6067968,-0.326,1.025,0.08791023,0.329,0.096431814,-0.657,0.0058386773,0.0,0.3944807667852936
67,857,-11.098097184576858,95.79620281542314,106.8943,-12.70167999739786,143.30792000260215,156.0096,0.9386877,-0.326,1.025,0.13402109,0.329,-0.53608435,-0.657,-0.47541985,0.0,0.004168825159905243
73,867,-19.164195882737374,87.73010411726263,106.8943,-23.042706055765223,132.96689394423478,156.0096,0.9666226,-0.326,1.025,0.12673844,0.329,-0.20471261,-0.657,-0.1622301,0.0,0.3370705104352985
76,870,-15.794349146482546,91.09995085351746,106.8943,-19.66472676646319,136.34487323353682,156.0096,1.0381299,-0.326,1.025,0.13575533,0.329,-0.4196698,-0.657,-0.39500046,0.0,0.23534198996740371
77,871,-19.15472632242249,87.73957367757751,106.8943,-23.51771554891903,132.49188445108098,156.0096,0.9693517,-0.326,1.025,0.1247307,0.329,-0.23705755,-0.657,-0.19157599,0.0,0.3936111469039296
79,875,-15.390494064195494,91.50380593580451,106.8943,-18.910665584150593,137.0989344158494,156.0096,1.0280243,-0.326,1.025,0.13666297,0.329,-0.4179985,-0.657,-0.39591637,0.0,0.28340503820687685
81,877,-21.102349007930087,85.79195099206991,106.8943,-27.57204282219658,128.43755717780343,156.0096,0.9051923,-0.326,1.025,0.115699835,0.329,-0.09167126,-0.657,-0.02384479,0.0,0.47053064429835073
83,881,-15.698749076222413,91.19555092377759,106.8943,-19.53667332022536,136.47292667977464,156.0096,1.051511,-0.326,1.025,0.13543749,0.329,-0.420634,-0.657,-0.39692605,0.0,0.23455156504294866
85,884,-19.09349810580639,87.80080189419361,106.8943,-23.776777544000993,132.232822455999,156.0096,0.99280095,-0.326,1.025,0.12618354,0.329,-0.22856878,-0.657,-0.19495499,0.0,0.38900975543578276
87,887,-19.215495995247267,87.67880400475273,106.8943,-23.01654214730894,132.99305785269107,156.0096,0.9808086,-0.326,1.025,0.12421066,0.329,-0.26737505,-0.657,-0.2359495,0.0,0.4479186229732894
89,890,-15.908091144267289,90.98620885573271,106.8943,-18.922329989158953,137.08727001084105,156.0096,1.0571332,-0.326,1.025,0.14214595,0.329,-0.44129762,-0.657,-0.3953392,0.0,0.31764886385521707
90,892,-19.317557746823994,87.57674225317601,106.8943,-23.846250956238407,132.1633490437616,156.0096,0.98591244,-0.326,1.025,0.13424182,0.329,-0.246312,-0.657,-0.19024014,0.0,0.452007083217585
93,896,-21.496549429656213,85.39775057034379,106.8943,-27.13027598328543,128.87932401671458,156.0096,0.92754203,-0.326,1.025,0.12300399,0.329,-0.10324763,-0.657,-0.0030458146,0.0,0.5222084574222903
100,905,-16.0287828149264,90.8655171850736,106.8943,-18.924409061347973,137.08519093865203,156.0096,1.0726413,-0.326,1.025,0.14144799,0.329,-0.4424277,-0.657,-0.39756742,0.0,0.3134628626553914
101,906,-19.754758217754258,87.13954178224574,106.8943,-23.987660866235842,132.02193913376416,156.0096,1.0259432,-0.326,1.025,0.13510138,0.329,-0.25287881,-0.657,-0.2086532,0.0,0.4259273944989796
102,907,-18.94271397298718,87.95158602701282,106.8943,-23.051427358583993,132.958172641416,156.0096,1.005821,-0.326,1.025,0.13909361,0.329,-0.2868795,-0.657,-0.23797497,0.0,0.5068752794636728
103,908,-21.582997554796393,85.31130244520361,106.8943,-26.89595434723165,129.11364565276835,156.0096,0.94680715,-0.326,1.025,0.12551916,0.329,-0.08621447,-0.657,-0.013016093,0.0,0.5114201948553949
107,916,-16.8284337568558,90.0658662431442,106.8943,-19.564418283578647,136.44518171642136,156.0096,1.0760596,-0.326,1.025,0.14416446,0.329,-0.44099098,-0.657,-0.38072497,0.0,0.3084267519992194
108,917,-19.982621879169344,86.91167812083066,106.8943,-23.74860356575158,132.26099643424843,156.0096,1.0210853,-0.326,1.025,0.14351997,0.329,-0.2815978,-0.657,-0.19850707,0.0,0.4887680413093013
109,918,-21.46882435757483,85.42547564242517,106.8943,-27.61797891717751,128.3916210828225,156.0096,0.9925295,-0.326,1.025,0.13360783,0.329,-0.10261144,-0.657,0.00084376923,0.0,0.5755381252738212
113,925,-19.330088823140272,87.56421117685973,106.8943,-23.960929938091624,132.04867006190838,156.0096,0.99606025,-0.326,1.025,0.14783072,0.329,-0.2556651,-0.657,-0.19027367,0.0,0.4996512116084847
118,933,-21.455542363214917,85.43875763678508,106.8943,-27.98912480400668,128.02047519599333,156.0096,0.9517116,-0.326,1.025,0.13190249,0.329,-0.07973994,-0.657,0.00630071,0.0,0.5773665595400428
119,935,-16.62762207571828,90.26667792428172,106.8943,-19.447141211515202,136.5624587884848,156.0096,1.0778979,-0.326,1.025,0.14675012,0.329,-0.46633166,-0.657,-0.4073971,0.0,0.3549385106243947
121,938,-19.18545927350216,87.70884072649784,106.8943,-23.351851789841504,132.6577482101585,156.0096,1.0083654,-0.326,1.025,0.13452794,0.329,-0.2742064,-0.657,-0.24503082,0.0,0.4478452724874784
124,942,-19.439825924692343,87.45447407530766,106.8943,-23.633237560043682,132.37636243995632,156.0096,1.0141773,-0.326,1.025,0.12948507,0.329,-0.23159371,-0.657,-0.19721088,0.0,0.42295162884441384
125,943,-21.468181765243372,85.42611823475663,106.8943,-26.921810745010646,129.08778925498936,156.0096,0.9500413,-0.326,1.025,0.1251179,0.329,-0.08614013,-0.657,-0.010870696,0.0,0.5146658226102249
126,946,-20.246721017160255,86.64757898283975,106.8943,-24.035062512103224,131.97453748789678,156.0096,1.0313777,-0.326,1.025,0.1381036,0.329,-0.25673857,-0.657,-0.20173201,0.0,0.4660289327560449
127,947,-21.71900101228627,85.17529898771373,106.8943,-27.575524443084504,128.4340755569155,156.0096,1.0132965,-0.326,1.025,0.13600565,0.329,-0.09040771,-0.657,0.0019452859,0.0,0.5698951083195829
130,952,-19.229639336774852,87.66466066322515,106.8943,-23.278187232080256,132.73141276791975,156.0096,1.0076593,-0.326,1.025,0.13477917,0.329,-0.27597705,-0.657,-0.2493451,0.0,0.4470438678877452
132,955,-19.36704471828736,87.52725528171264,106.8943,-23.531213017574544,132.47838698242546,156.0096,1.014731,-0.326,1.025,0.13376416,0.329,-0.27546707,-0.657,-0.24973609,0.0,0.44468234413830465
134,958,-19.533990416339662,87.36030958366034,106.8943,-23.831370439561056,132.17822956043895,156.0096,1.0323366,-0.326,1.025,0.13097183,0.329,-0.27406412,-0.657,-0.2517022,0.0,0.4456997121373305
137,962,-18.101528008232876,88.79277199176713,106.8943,-24.4345548831715,131.5750451168285,156.0096,1.0405297,-0.326,1.025,0.14026362,0.329,-0.28052723,-0.657,-0.21748419,0.0,0.42655024254835905
140,1091,-28.034864351524817,78.85943564847518,106.8943,-23.720843601877476,132.28875639812253,156.0096,0.7413904,-0.326,1.025,0.14166154,0.329,-0.36074114,-0.657,-0.12425379,0.0,0.4385726798151838
144,1105,-26.750901770928067,80.14339822907193,106.8943,-23.553722799153235,132.45587720084677,156.0096,0.7856864,-0.326,1.025,0.15902528,0.329,-0.43325827,-0.657,-0.13949157,0.0,0.49379331470205656
146,1116,-29.720593852257892,77.17370614774211,106.8943,-27.00982330095931,128.9997766990407,156.0096,0.7318192,-0.326,1.025,0.12198958,0.329,-0.21281204,-0.657,0.083757885,0.0,0.5597220761636745
153,1201,-25.832797188587236,81.06150281141277,106.8943,-38.05227746412753,117.95732253587248,156.0096,0.64730287,-0.326,1.025,0.090504855,0.329,0.09303336,-0.657,-0.017715927,0.0,0.38349441769630077
171,1276,-19.231454581233265,87.66284541876674,106.8943,-27.34214183963556,128.66745816036445,156.0096,0.9104537,-0.326,1.025,0.14233454,0.329,-0.10006916,-0.657,-0.05860089,0.0,0.3947327436311943
172,1279,-18.995884018664526,87.89841598133548,106.8943,-23.5671392649962,132.4424607350038,156.0096,1.0008446,-0.326,1.025,0.13273194,0.329,-0.25430226,-0.657,-0.20808488,0.0,0.4353328546456102
173,1280,-18.59223086391863,88.30206913608137,106.8943,-23.26619881582164,132.74340118417837,156.0096,0.98973674,-0.326,1.025,0.14103697,0.329,-0.2339784,-0.657,-0.2285736,0.0,0.43424875970852517
174,1281,-18.837709548180655,88.05659045181935,106.8943,-27.228536895074768,128.78106310492524,156.0096,0.9446293,-0.326,1.025,0.14120401,0.329,-0.12068371,-0.657,-0.075097114,0.0,0.44979803510112837
175,1285,-19.220640940722646,87.67365905927736,106.8943,-27.189955555463712,128.8196444445363,156.0096,0.93711334,-0.326,1.025,0.1634051,0.329,-0.0081217745,-0.657,0.12670697,0.0,0.5785989638650672
176,1286,-18.623410790024266,88.27088920997573,106.8943,-23.378066700068672,132.63153329993133,156.0096,0.9819091,-0.326,1.025,0.13520041,0.329,-0.22466181,-0.657,-0.17699693,0.0,0.4357380303533598
180,1294,-19.31583505248861,87.57846494751139,106.8943,-26.454336013476848,129.55526398652316,156.0096,0.8888406,-0.326,1.025,0.12922776,0.329,-0.23480445,-0.657,-0.23066282,0.0,0.2079158892477161
182,1297,-22.11464542627276,84.77965457372724,106.8943,-32.47299949191577,123.53660050808423,156.0096,0.88500416,-0.326,1.025,0.11087431,0.329,-0.07249987,-0.657,-0.06568026,0.0,0.3701486070374689
185,1302,-21.398595641494623,85.49570435850538,106.8943,-28.53680282033767,127.47279717966234,156.0096,0.9385788,-0.326,1.025,0.13403885,0.329,-0.25072154,-0.657,-0.24397796,0.0,0.29479573645634505
189,1308,-22.779462407721397,84.1148375922786,106.8943,-31.73194226112291,124.2776577388771,156.0096,0.9009874,-0.326,1.025,0.11834598,0.329,-0.0075882394,-0.657,0.087412186,0.0,0.533193460579573
193,1316,-14.851951208553842,92.04234879144616,106.8943,-18.308166664342707,137.7014333356573,156.0096,1.0491955,-0.326,1.025,0.14746101,0.329,-0.4356524,-0.657,-0.4207072,0.0,0.38343670459135404
194,1317,-23.499199473537303,83.3951005264627,106.8943,-33.442321148445544,122.56727885155446,156.0096,0.91036266,-0.326,1.025,0.11838597,0.329,-0.06880496,-0.657,-0.06053041,0.0,0.44950943606772154
198,1324,-19.876191341103493,87.01810865889651,106.8943,-25.980249052354992,130.029350947645,156.0096,0.9240409,-0.326,1.025,0.13188484,0.329,-0.23968159,-0.657,-0.23574625,0.0,0.21688877476141144
199,1325,-20.464224323326363,86.43007567667364,106.8943,-29.925302031439458,126.08429796856055,156.0096,0.8751747,-0.326,1.025,0.12554973,0.329,-0.117333725,-0.657,-0.090681486,0.0,0.4071902044564932
200,1326,-21.382844241579477,85.51145575842052,106.8943,-26.81729011587305,129.19230988412696,156.0096,0.8768442,-0.326,1.025,0.120786466,0.329,-0.049277592,-0.657,-0.05471887,0.0,0.3321811928995998
203,1332,-21.847608873581777,85.04669112641822,106.8943,-32.15623349325068,123.85336650674932,156.0096,0.8898369,-0.326,1.025,0.11418056,0.329,-0.06134164,-0.657,-0.05086577,0.0,0.3752394834315337
204,1333,-20.517789810438458,86.37651018956154,106.8943,-30.75253425437755,125.25706574562246,156.0096,0.88848716,-0.326,1.025,0.12311176,0.329,-0.12136274,-0.657,-0.10396163,0.0,0.40467446262305823
205,1334,-21.154525191490876,85.73977480850913,106.8943,-27.933667878445988,128.07593212155402,156.0096,0.883878,-0.326,1.025,0.120385095,0.329,-0.05540511,-0.657,-0.057813495,0.0,0.33327748778614835
207,1338,-20.230549986573678,86.66375001342632,106.8943,-30.400566533447588,125.60903346655242,156.0096,0.8792624,-0.326,1.025,0.12505767,0.329,-0.09933871,-0.657,-0.09245565,0.0,0.46038856298699576
208,1339,-19.884852139547846,87.00944786045216,106.8943,-25.9783229854786,130.0312770145214,156.0096,0.9424,-0.326,1.025,0.13203661,0.329,-0.24382374,-0.657,-0.23852257,0.0,0.22092634650055182
209,1341,-23.339348583779554,83.55495141622045,106.8943,-33.32583010367435,122.68376989632566,156.0096,0.8436472,-0.326,1.025,0.1109332,0.329,0.06553814,-0.657,0.099482305,0.0,0.46778437396230393
211,1345,-21.49755275712627,85.39674724287373,106.8943,-31.84627173084047,124.16332826915954,156.0096,0.9230746,-0.326,1.025,0.11990931,0.329,-0.08434221,-0.657,-0.07606405,0.0,0.4329912350480983
213,1349,-20.51670550161076,86.37759449838924,106.8943,-30.680831764742706,125.3287682352573,156.0096,0.90990204,-0.326,1.025,0.122808225,0.329,-0.12333551,-0.657,-0.10316011,0.0,0.4048615862242141
219,1360,-20.201008618327947,86.69329138167205,106.8943,-22.463544946286618,133.5460550537134,156.0096,0.8382022,-0.326,1.025,0.15568842,0.329,-0.4467105,-0.657,-0.33547804,0.0,0.27965570249051613
221,1363,-25.84026061981497,81.05403938018503,106.8943,-27.636248051513547,128.37335194848646,156.0096,0.8293495,-0.326,1.025,0.1586763,0.329,-0.34773394,-0.657,-0.1698951,0.0,0.4817642818113745
222,1366,-26.343403579252893,80.55089642074711,106.8943,-28.80139850755903,127.20820149244098,156.0096,0.81457835,-0.326,1.025,0.15549763,0.329,-0.29760674,-0.657,-0.1604668,0.0,0.42253221753529896
223,1368,-15.205814500524653,91.68848549947535,106.8943,-18.869543156308538,137.14005684369147,156.0096,1.043708,-0.326,1.025,0.14391993,0.329,-0.41178676,-0.657,-0.39772978,0.0,0.2593834131077052
224,1370,-30.612184664837713,76.28211533516229,106.8943,-27.27204140562688,128.73755859437313,156.0096,0.75783217,-0.326,1.025,0.14034982,0.329,-0.14878982,-0.657,0.029817194,0.0,0.5435876723182479
225,1371,-15.52484529164822,91.36945470835178,106.8943,-18.806867980117687,137.20273201988232,156.0096,1.0269101,-0.326,1.025,0.14873625,0.329,-0.42470574,-0.657,-0.40181354,0.0,0.3207917177167064
227,1375,-25.890987026732702,81.0033129732673,106.8943,-27.79440454298134,128.21519545701867,156.0096,0.8563322,-0.326,1.025,0.1636959,0.329,-0.35153913,-0.657,-0.18372014,0.0,0.48069510940345705
228,1376,-19.0246471245121,87.8696528754879,106.8943,-23.18730507649414,132.82229492350586,156.0096,0.9973265,-0.326,1.025,0.1335961,0.329,-0.23534563,-0.657,-0.18967618,0.0,0.3956767192585676
229,1380,-26.177631585033495,80.7166684149665,106.8943,-28.424466919840285,127.58513308015972,156.0096,0.8174311,-0.326,1.025,0.15503666,0.329,-0.28955975,-0.657,-0.1539565,0.0,0.42415487503890525
231,1382,-18.754592175763392,88.13970782423661,106.8943,-23.460092548148452,132.54950745185155,156.0096,1.019984,-0.326,1.025,0.14218421,0.329,-0.22984439,-0.657,-0.16338074,0.0,0.4120987336315393
234,1390,-15.74807618838237,91.14622381161763,106.8943,-18.980406005659034,137.02919399434097,156.0096,1.0084877,-0.326,1.025,0.15375866,0.329,-0.43716857,-0.657,-0.38966727,0.0,0.3834222009206025
235,1392,-18.73961588312858,88.15468411687142,106.8943,-24.85181987133589,131.15778012866411,156.0096,1.0202672,-0.326,1.025,0.15777332,0.329,-0.2923303,-0.657,-0.2029813,0.0,0.4357697072191676
236,1431,-2.5061560317478495,104.38814396825215,106.8943,-20.581396594830153,135.42820340516985,156.0096,0.79036057,-0.326,1.025,0.3422907,0.329,-0.39058056,-0.657,-0.07881931,0.0,0.22027186626359563
237,1433,-4.356325541122942,102.53797445887706,106.8943,-20.708400004608905,135.3011999953911,156.0096,-0.043186504,-0.326,1.025,0.33768934,0.329,-0.413072,-0.657,-0.2949909,0.0,0.2971663466410234
238,1435,-2.9943495170525125,103.89995048294749,106.8943,-23.383409885593352,132.62619011440665,156.0096,0.077847704,-0.326,1.025,0.33394885,0.329,-0.40866357,-0.657,-0.25464118,0.0,0.2983065183428433
240,1439,-19.207010831695456,87.68728916830455,106.8943,-24.8425915509126,131.1670084490874,156.0096,0.93780637,-0.326,1.025,0.13642544,0.329,-0.2537781,-0.657,-0.25904632,0.0,0.254767671550226
241,1440,-19.286656522793365,87.60764347720664,106.8943,-30.464666759118643,125.54493324088136,156.0096,0.84334415,-0.326,1.025,0.11784313,0.329,0.08618224,-0.657,0.04234104,0.0,0.39485942875531
247,1601,-37.542535860527295,69.3517641394727,106.8943,-40.58455663925423,115.42504336074578,156.0096,0.5065347,-0.326,1.025,0.13572358,0.329,-0.06374794,-0.657,0.057095706,0.0,0.3265030686291266
248,1603,-25.991802506766447,80.90249749323355,106.8943,-38.279209093587454,117.73039090641255,156.0096,0.5584142,-0.326,1.025,0.11633419,0.329,0.12913492,-0.657,0.005092178,0.0,0.3355210274969684
252,1813,-3.1436853923724613,73.07364301618755,76.21732840856001,-0.42859038140167627,130.58933539127653,131.0179257726782,0.5141015,-0.20678095519542694,0.6574233174324036,0.32577386,0.3337905704975128,-0.32577386,-0.3546329438686371,-0.1735625,0.23312644116833064,0.14212711585350613
254,1836,-2.141208752423836,73.07364301618755,75.21485176861138,0.9661400460587402,130.58933539127653,129.6231953452178,0.5141015,-0.1701097935438156,0.684759259223938,0.32577386,0.34543082118034363,-0.32577386,-0.32508042454719543,-0.1735625,0.26897713056560435,0.14212711585350613
256,2339,-31.60677903166662,75.28752096833338,106.8943,-43.28746486391758,112.72213513608243,156.0096,0.33749884,-0.326,1.025,0.1154491,0.329,0.11313304,-0.657,0.11043303,0.0,0.3132170262738693
258,2344,-25.910577153341464,80.98372284665854,106.8943,-33.107413519871585,122.90218648012842,156.0096,0.38870534,-0.326,1.025,0.31563863,0.329,-0.42263618,-0.657,-0.31448933,0.0,0.3107547168123695
260,2366,-28.31305529745211,78.58124470254789,106.8943,-34.58728390353902,121.42231609646099,156.0096,0.3511219,-0.326,1.025,0.3164306,0.329,-0.4356775,-0.657,-0.32658494,0.0,0.3561738518450126
261,2396,-28.077307522431894,78.8169924775681,106.8943,-38.27666650530438,117.73293349469563,156.0096,0.57004225,-0.326,1.025,0.12609053,0.329,0.06201216,-0.657,0.006089038,0.0,0.46998017498325706
263,2404,-29.27007983578943,77.62422016421057,106.8943,-35.772449554546796,120.23715044545321,156.0096,0.37674937,-0.326,1.025,0.32206717,0.329,-0.43991235,-0.657,-0.33759436,0.0,0.3527391765327026
271,2489,-27.802266435805265,79.09203356419474,106.8943,-35.62358738579401,120.386012614206,156.0096,0.38462925,-0.326,1.025,0.3244366,0.329,-0.4412424,-0.657,-0.33274713,0.0,0.375495042913086
273,2514,-28.657904417781566,78.23639558221844,106.8943,-36.20647312459822,119.80312687540179,156.0096,0.38775706,-0.326,1.025,0.32917517,0.329,-0.44730163,-0.657,-0.34692627,0.0,0.39967986083591234
275,2547,-30.51586864575657,76.37843135424343,106.8943,-39.26914521588725,116.74045478411276,156.0096,0.40008557,-0.326,1.025,0.32137346,0.329,-0.44791284,-0.657,-0.34487435,0.0,0.35249443686213305
277,2575,-31.75886938326761,75.13543061673239,106.8943,-38.871275151148254,117.13832484885175,156.0096,0.38330874,-0.326,1.025,0.32923812,0.329,-0.44119036,-0.657,-0.34593543,0.0,0.3997536357649182
279,2584,-29.67355893320169,77.22074106679831,106.8943,-40.29397029959232,115.71562970040769,156.0096,0.5767704,-0.326,1.025,0.12522706,0.329,0.05973999,-0.657,0.010963668,0.0,0.47686159431503694
281,2605,-33.6015881804837,73.2927118195163,106.8943,-40.73102247480216,115.27857752519785,156.0096,0.36357874,-0.326,1.025,0.3235502,0.329,-0.42962077,-0.657,-0.34197372,0.0,0.40501132531554673
282,2633,-42.549668418347736,64.34463158165227,106.8943,-60.18462268755535,95.82497731244466,156.0096,0.68719846,-0.326,1.025,0.09408683,0.329,0.08753576,-0.657,0.008746166,0.0,0.22136235018771944
283,2644,-28.80463317248281,78.08966682751719,106.8943,-36.44772500128197,119.56187499871804,156.0096,0.37905455,-0.326,1.025,0.32396504,0.329,-0.44690067,-0.657,-0.35018373,0.0,0.38409240789488497
284,2660,-30.645906827135164,76.24839317286484,106.8943,-37.37302162918637,118.63657837081364,156.0096,0.3644448,-0.326,1.025,0.32654822,0.329,-0.44081748,-0.657,-0.34666294,0.0,0.4315638102445817
287,2672,-27.05127109179095,79.84302890820905,106.8943,-37.739899867835376,118.26970013216463,156.0096,0.58089167,-0.326,1.025,0.12625958,0.329,0.07339519,-0.657,-0.009676371,0.0,0.42871165250096865
290,2694,-31.84151822068705,75.05278177931295,106.8943,-45.65220059664526,110.35739940335475,156.0096,0.6306403,-0.326,1.025,0.12254592,0.329,0.057398755,-0.657,0.02456658,0.0,0.43737354401794803
292,2707,-39.00201817188038,67.89228182811962,106.8943,-56.64232094269255,99.36727905730746,156.0096,0.5907273,-0.326,1.025,0.1251675,0.329,0.06435492,-0.657,0.016760623,0.0,0.4050499217223869
293,2933,-27.17234821267833,79.72195178732167,106.8943,-38.55937832154916,117.45022167845084,156.0096,0.6042133,-0.326,1.025,0.10432016,0.329,0.10715821,-0.657,0.019246787,0.0,0.3771339269917284
295,3047,-27.605431254839957,79.28886874516004,106.8943,-40.36275443789695,115.64684556210305,156.0096,0.5607398,-0.326,1.025,0.10384454,0.329,0.09280977,-0.657,5.7101668e-05,0.0,0.35892902362049683
297,3069,-28.006582401146375,78.88771759885363,106.8943,-41.07630371356588,114.93329628643413,156.0096,0.59007144,-0.326,1.025,0.10519393,0.329,0.08877703,-0.657,-0.0041365363,0.0,0.35734025525323215
298,3089,-33.937190997950594,72.9571090020494,106.8943,-34.50316398274941,121.50643601725059,156.0096,0.5991186,-0.326,1.025,0.15068427,0.329,-0.123356044,-0.657,0.005827993,0.0,0.45279932877995493
299,3110,-27.721015315584665,79.17328468441534,106.8943,-39.488650087477254,116.52094991252275,156.0096,0.6214577,-0.326,1.025,0.10526582,0.329,0.078703105,-0.657,-0.0034616357,0.0,0.3637501984766902
300,3136,-21.532506204157016,85.36179379584298,106.8943,-31.63946255006688,124.37013744993313,156.0096,0.9372315,-0.326,1.025,0.13541487,0.329,-0.14424512,-0.657,-0.094763555,0.0,0.4463482501695583
301,3138,-34.19876071741588,72.69553928258412,106.8943,-34.38805298589587,121.62154701410414,156.0096,0.643987,-0.326,1.025,0.15626518,0.329,-0.14934018,-0.657,-0.015423381,0.0,0.45411055667409267
303,3192,-25.65845273922274,81.23584726077726,106.8943,-27.14347494157616,128.86612505842385,156.0096,0.8510329,-0.326,1.025,0.1673487,0.329,-0.3791743,-0.657,-0.20032969,0.0,0.535870982287606
322,3442,1.0705481099439424,74.32105644891084,73.2505083389669,8.0285577654559,122.33805889263976,114.30950112718386,0.65971917,-0.15893572568893433,0.7521461248397827,0.1482518,0.3433176577091217,-0.16966558,-0.31537288427352905,-0.022147939,0.2359265376032236,0.5415248337128717
325,3487,20.066239147884346,66.72336430897155,46.65712516108721,32.17499742173709,101.34866935461648,69.17367193287939,0.6535763,-0.1306370198726654,0.7962260246276855,0.12581046,0.34910839796066284,0.061978817,-0.30740001797676086,0.0022217864,0.11685067471166441,0.4450831860576433
327,3492,2.680311510017148,85.55638673973684,82.87607522971969,6.584775634835225,132.90146467241692,126.3166890375817,0.87161165,-0.06728226691484451,1.011279582977295,0.1854111,0.1330781877040863,-0.32298988,-0.14752644300460815,-0.26699445,0.6112912541688388,0.4827427239016062
350,3781,18.654818220588297,86.79774366085826,68.14292544026996,30.686674994600025,128.00805776483858,97.32138277023856,0.89241594,-0.07480915635824203,1.0071496963500977,0.13541503,0.1724865734577179,-0.11543943,-0.13693758845329285,-0.10509523,0.4026123500389364,0.39921032613634877
358,3850,-39.853688067332016,67.04061193266799,106.8943,-36.69228749291602,119.31731250708398,156.0096,0.60653156,-0.326,1.025,0.14653024,0.329,-0.32685694,-0.657,-0.16174284,0.0,0.4191265467721026
360,3873,-24.69643838203669,82.19786161796331,106.8943,-22.04803951921724,133.96156048078277,156.0096,0.76277685,-0.326,1.025,0.14947093,0.329,-0.4764096,-0.657,-0.3389284,0.0,0.29013221153076785
361,3901,53.574196026084756,76.28211533516229,22.707919309077532,92.46796114805151,128.73755859437313,36.26959744632161,0.75783217,-0.14191976189613342,0.922613799571991,0.14034982,0.17512674629688263,-0.14878982,-0.2622489929199219,0.029817194,0.16136289261529027,0.5435876723182479
364,4040,-39.784097021028145,74.80708802118548,114.59118504221362,-5.187018102268468,125.36375094991786,130.55076905218633,0.62543,-0.1105341836810112,0.82789146900177,0.1454063,0.25753673911094666,-0.27310047,-0.2944810092449188,-0.18981536,0.4554275145513614,0.3996076105515408
380,4126,-75.63792547544348,31.25637452455652,106.8943,-100.56398472906736,55.44561527093265,156.0096,0.41895315,-0.326,1.025,0.327555,0.329,-0.44688818,-0.657,-0.36460242,0.0,0.17154929473183755
398,4207,-1.1471477319715007,77.85392799199751,79.00107572396901,-2.184777859278057,127.41747825889342,129.60225611817148,0.83190453,-0.14530707895755768,0.8689863681793213,0.16030724,0.1770557314157486,-0.2782847,-0.4590635299682617,0.077352874,0.5274574905656547,0.6222848690551546
489,4547,11.730673404597518,42.59096705720102,30.860293652603502,31.852123961010314,77.04375519582561,45.1916312348153,0.6281152,-0.1837647706270218,0.7458221912384033,0.14910473,0.3350025713443756,-0.34360904,-0.3244912624359131,-0.10400362,0.06676671280186774,0.2427424586482979
493,4566,-3.7715479247696777,45.25847615076848,49.03002407553816,8.73330923564977,83.07089546859353,74.33758623294376,0.6273742,-0.18382899463176727,0.7431796193122864,0.14961544,0.3355414569377899,-0.34412798,-0.3237864375114441,-0.09900621,0.1325209610930411,0.25915203571870365
494,4569,18.46580247331257,67.49582654885073,49.03002407553816,53.95889554647705,128.29648177942082,74.33758623294376,0.5637146,-0.18382899463176727,0.7431796193122864,0.14802186,0.3355414569377899,-0.32403377,-0.3237864375114441,-0.06666655,0.1325209610930411,0.4319356783310905
524,4701,-45.584424813722435,61.309875186277566,106.8943,-52.611562487765255,103.39803751223475,156.0096,0.4616698,-0.326,1.025,0.33240578,0.329,-0.4544177,-0.657,-0.36232856,0.0,0.3622805625182033
534,4765,-33.820656983812455,73.07364301618755,106.8943,-25.42026460872347,130.58933539127653,156.0096,0.5141015,-0.326,1.025,0.32577386,0.329,-0.32577386,-0.657,-0.1735625,0.0,0.14212711585350613
535,4772,-32.171805289060174,74.72249471093983,106.8943,-28.34479915363721,127.6648008463628,156.0096,0.6185768,-0.326,1.025,0.3305378,0.329,-0.32800648,-0.657,-0.18731762,0.0,0.21050548419706117
536,4773,-17.56505070306416,89.32924929693584,106.8943,-25.043816037775912,130.9657839622241,156.0096,0.86401325,-0.326,1.025,0.13386054,0.329,-0.20645726,-0.657,-0.21418962,0.0,0.18400459145532036
539,4923,-30.386658156955463,76.50764184304454,106.8943,-29.22411768510233,126.78548231489768,156.0096,0.7070934,-0.326,1.025,0.3476435,0.329,-0.33976033,-0.657,-0.22055006,0.0,0.33643779547783265
540,4924,-21.517007213668307,85.3772927863317,106.8943,-26.79833845783861,129.2112615421614,156.0096,0.85927796,-0.326,1.025,0.13931261,0.329,-0.06570107,-0.657,-0.048137885,0.0,0.4623370811686968
541,4926,-31.647537369652284,75.24676263034772,106.8943,-32.47600109613667,123.53359890386334,156.0096,0.64687866,-0.326,1.025,0.34329432,0.329,-0.33742002,-0.657,-0.21577027,0.0,0.2945310458613238
542,4927,-22.748199396846232,84.14610060315377,106.8943,-27.216309970534752,128.79329002946525,156.0096,0.88190585,-0.326,1.025,0.13631517,0.329,-0.094404176,-0.657,-0.06956903,0.0,0.4277246489447138
543,4929,-31.015735541180618,75.87856445881938,106.8943,-32.44619956137568,123.56340043862433,156.0096,0.7202943,-0.326,1.025,0.33016732,0.329,-0.32614788,-0.657,-0.20448163,0.0,0.23260808433179742
544,4930,-34.71077810306792,72.18352189693208,106.8943,-32.98827338311932,123.02132661688069,156.0096,0.5771552,-0.326,1.025,0.13045171,0.329,-0.09100207,-0.657,-0.027993036,0.0,0.4309557897831288
545,4931,-34.87976325613944,72.01453674386056,106.8943,-28.212397056406672,127.79720294359333,156.0096,0.5441084,-0.326,1.025,0.12188066,0.329,-0.05849407,-0.657,0.015134293,0.0,0.4064447537563594
546,4961,-31.04400145304342,75.85029854695658,106.8943,-33.381656042047794,122.62794395795221,156.0096,0.7006615,-0.326,1.025,0.33155134,0.329,-0.32619587,-0.657,-0.19602977,0.0,0.22495573095385402
547,4967,-23.00627541489898,83.88802458510102,106.8943,-31.08489029435593,124.92470970564408,156.0096,0.86592,-0.326,1.025,0.11747635,0.329,0.027871145,-0.657,0.12863912,0.0,0.5333075687816508
548,4969,-15.913345467160795,90.9809545328392,106.8943,-19.255470556377503,136.7541294436225,156.0096,1.0656497,-0.326,1.025,0.13943362,0.329,-0.4163087,-0.657,-0.4295062,0.0,0.2708873204098514
549,4971,-18.493478830945946,88.40082116905405,106.8943,-23.34038839181244,132.66921160818757,156.0096,1.0031188,-0.326,1.025,0.1315964,0.329,-0.26126426,-0.657,-0.24703671,0.0,0.44371318395057163
551,4986,-25.39445456500239,81.49984543499761,106.8943,-37.864390690372744,118.14520930962726,156.0096,0.6356381,-0.326,1.025,0.08709224,0.329,0.10029486,-0.657,0.0013315496,0.0,0.33365253640422937
552,4992,-15.608100437544067,91.28619956245593,106.8943,-19.25272846116718,136.75687153883283,156.0096,1.0568604,-0.326,1.025,0.13655385,0.329,-0.42591372,-0.657,-0.39929923,0.0,0.23560163750709623
553,4995,-19.186970574942904,87.7073294250571,106.8943,-23.794136146721797,132.2154638532782,156.0096,1.0018452,-0.326,1.025,0.128195,0.329,-0.2315673,-0.657,-0.19559304,0.0,0.3897356733717835
554,4998,-19.25818894631591,87.63611105368409,106.8943,-23.292701736049025,132.71689826395098,156.0096,1.0063071,-0.326,1.025,0.13059737,0.329,-0.26976526,-0.657,-0.24625058,0.0,0.44471528316413933
555,5000,-19.53430592812269,87.35999407187731,106.8943,-23.692495617586275,132.31710438241373,156.0096,1.0214577,-0.326,1.025,0.13281909,0.329,-0.27499223,-0.657,-0.25004745,0.0,0.444016057678796
557,5003,-19.58440288903327,87.30989711096673,106.8943,-23.727029816673593,132.2825701833264,156.0096,1.0273118,-0.326,1.025,0.13186672,0.329,-0.27451375,-0.657,-0.25044405,0.0,0.44393341412092857
568,5053,-21.564385514715056,85.32991448528495,106.8943,-31.467082564734696,124.54251743526531,156.0096,0.93136454,-0.326,1.025,0.122448586,0.329,-0.088681474,-0.657,-0.07733433,0.0,0.4335016279899485
570,5056,-19.904988101541264,86.98931189845874,106.8943,-29.76716354059667,126.24243645940334,156.0096,0.91182196,-0.326,1.025,0.12559633,0.329,-0.11921702,-0.657,-0.111233346,0.0,0.4618894499719009
571,5057,-23.02704555557628,83.86725444442372,106.8943,-32.470071390247,123.539528609753,156.0096,0.8713339,-0.326,1.025,0.11658767,0.329,0.06475058,-0.657,0.108982205,0.0,0.45971838952138655
572,5059,-35.976849522275955,70.91745047772405,106.8943,-38.73264633771532,117.27695366228468,156.0096,0.53867596,-0.326,1.025,0.13958569,0.329,-0.09995769,-0.657,-0.010990218,0.0,0.38298361706559225
574,5063,-24.729467207190922,82.16483279280908,106.8943,-36.952379273753934,119.05722072624607,156.0096,0.5654286,-0.326,1.025,0.11906117,0.329,0.12276729,-0.657,-0.028131902,0.0,0.3842056057780053
575,5222,7.910079830470991,80.98372284665854,73.07364301618755,-7.687148911148114,122.90218648012842,130.58933539127653,0.38870534,-0.17356249690055847,0.514101505279541,0.31563863,0.32577386498451233,-0.42263618,-0.32577386498451233,-0.31448933,0.14212711585350613,0.3107547168123695
576,5224,-5.657292439388101,79.56539010790209,85.22268254729019,-15.443427722606316,117.00252513365001,132.44595285625633,0.6511234,-0.11848241835832596,0.8222914934158325,0.107749,0.3516686260700226,0.056941878,-0.3088345527648926,-0.041950427,0.283966241466978,0.4800673802573364
578,5230,-47.22275340173098,59.671546598269025,106.8943,-45.61804628574832,110.39155371425169,156.0096,0.24967755,-0.326,1.025,0.34684643,0.329,-0.41645148,-0.657,-0.25602594,0.0,0.34606494481830263
579,5251,-30.39914716503401,76.49515283496599,106.8943,-26.09490403337486,129.91469596662515,156.0096,0.6162029,-0.326,1.025,0.13605252,0.329,-0.4331134,-0.657,-0.3873774,0.0,0.27564563020258126
583,5298,-19.843852435048163,87.05044756495184,106.8943,-23.97040426705678,132.03919573294323,156.0096,1.0253385,-0.326,1.025,0.14026362,0.329,-0.28052723,-0.657,-0.21694207,0.0,0.3935857612915302
